,file,page,nb_pages,path,commune,section,parcelle,authorized_area,forbidden_area,no_authorization_needed_area
0,data/doc/raw/2018/2018-12-26_RAA-2018-160.pdf,3,4,data/doc/pdfa/2018/2018-12-26_R02-2018-12-19-010.pdf,TROIS-ILETS,|,623,0.5692,0.1576,0
1,data/doc/raw/2018/2018-12-26_RAA-2018-160.pdf,8,3,data/doc/pdfa/2018/2018-12-26_R02-2018-12-19-009.pdf,SAINT-ESPRIT,C,187,0.14470000000000002,0.0809,0
2,data/doc/raw/2018/2018-12-26_RAA-2018-160.pdf,12,3,data/doc/pdfa/2018/2018-12-26_R02-2018-12-19-007.pdf,Fort-de-France,D,371,0.0,0.2097,0
3,data/doc/raw/2018/2018-04-18_RAA-2018-048.pdf,36,3,data/doc/pdfa/2018/2018-04-18_R02-2018-03-28-003.pdf,,,,0.0,0.0,0
4,data/doc/raw/2018/2018-05-23_RAA-2018-063.pdf,65,3,data/doc/pdfa/2018/2018-05-23_R02-2018-05-14-006.pdf,SAINTE-LUCE,|,261,0.0,0.0,0
5,data/doc/raw/2018/2018-02-22_RAA-2018-022.pdf,10,3,data/doc/pdfa/2018/2018-02-22_R02-2018-01-30-006.pdf,LES TROIS-ÎLETS,l,"980, 988",0.0,0.1739,0
6,data/doc/raw/2018/2018-02-22_RAA-2018-022.pdf,14,3,data/doc/pdfa/2018/2018-02-22_R02-2018-02-19-002.pdf,SCHŒLCHER,R,852,0.0,0.21839999999999998,0
7,data/doc/raw/2018/2018-09-17_RAA-2018-116.pdf,72,4,data/doc/pdfa/2018/2018-09-17_R02-2018-09-12-002.pdf,SAINTE-LUCE,|,2229,1.8601999999999999,0.17070000000000002,0
8,data/doc/raw/2018/2018-09-17_RAA-2018-116.pdf,77,3,data/doc/pdfa/2018/2018-09-17_R02-2018-09-10-001.pdf,LAMENTIN,O,928,0.0,0.0392,0
9,data/doc/raw/2018/2018-03-12_RAA-2018-033.pdf,15,3,data/doc/pdfa/2018/2018-03-12_R02-2018-03-07-005.pdf,LES TROIS-ÎLETS,B,966,0.0757,0.0443,0
10,data/doc/raw/2018/2018-07-18_RAA-2018-088.pdf,20,4,data/doc/pdfa/2018/2018-07-18_R02-2018-07-09-010.pdf,LE DIAMANT,O,915,0.444,9.2482,0
11,data/doc/raw/2018/2018-11-21_RAA-2018-146.pdf,20,3,data/doc/pdfa/2018/2018-11-21_R02-2018-11-16-006.pdf,FORT-DE-FRANCE,D,174,0.0,0.233,0
12,data/doc/raw/2018/2018-01-29_RAA-2018-014.pdf,12,3,data/doc/pdfa/2018/2018-01-29_R02-2018-01-18-016.pdf,LE VAUCLIN,T,408,0.0,0.0,0
13,data/doc/raw/2018/2018-07-13_RAA-2018-087.pdf,34,3,data/doc/pdfa/2018/2018-07-13_R02-2018-07-10-040.pdf,SAINT-JOSEPH,AB,388,0.18839999999999998,0.07250000000000001,0
14,data/doc/raw/2018/2018-07-13_RAA-2018-087.pdf,38,3,data/doc/pdfa/2018/2018-07-13_R02-2018-07-09-009.pdf,LES ANSES-D'ARLET,L,725,0.049100000000000005,0.0416,0
15,data/doc/raw/2018/2018-04-19_RAA-2018-049.pdf,9,2,data/doc/pdfa/2018/2018-04-19_R02-2018-04-18-001.pdf,,,,0.0,0.0,0
16,data/doc/raw/2018/2018-12-11_RAA-2018-154.pdf,51,4,data/doc/pdfa/2018/2018-12-11_R02-2018-12-10-015.pdf,LES ANSES-D'ARLET,L,725,0.0572,0.0335,0
17,data/doc/raw/2018/2018-02-28_RAA-2018-026.pdf,23,4,data/doc/pdfa/2018/2018-02-28_R02-2018-02-26-004.pdf,LES TROISle Recueil des Actes Administratifs de la Préfecture et communiqué partout où besoin sera,B,896,0.10650000000000001,0.2682,0
18,data/doc/raw/2018/2018-10-11_RAA-2018-128.pdf,38,3,data/doc/pdfa/2018/2018-10-11_R02-2018-10-09-001.pdf,DUCOS,X,322,0.3743,0.0,0
19,data/doc/raw/2018/2018-10-11_RAA-2018-128.pdf,42,4,data/doc/pdfa/2018/2018-10-11_R02-2018-10-09-002.pdf,,,,0.0,0.0,0
20,data/doc/raw/2018/2018-10-15_RAA-2018-129.pdf,17,6,data/doc/pdfa/2018/2018-10-15_R02-2018-10-11-001.pdf,,,,0.0,0.0,0
21,data/doc/raw/2018/2018-03-26_RAA-2018-041.pdf,45,3,data/doc/pdfa/2018/2018-03-26_R02-2018-03-21-005.pdf,FORT-DE-FRANCE,V,"573, 574, 575",0.0,0.0,0
22,data/doc/raw/2018/2018-03-05_RAA-2018-030.pdf,25,5,data/doc/pdfa/2018/2018-03-05_R02-2018-03-02-001.pdf,,,,0.0,0.0,0
23,data/doc/raw/2018/2018-11-05_RAA-2018-136.pdf,21,3,data/doc/pdfa/2018/2018-11-05_R02-2018-10-22-006.pdf,LES ANSES-D'ARLET,B,215,0.0844,0.0,0
24,data/doc/raw/2018/2018-11-05_RAA-2018-136.pdf,25,4,data/doc/pdfa/2018/2018-11-05_R02-2018-10-30-008.pdf,LES ANSES-D'ARLET,K,545,0.0,0.054200000000000005,0
25,data/doc/raw/2018/2018-08-30_RAA-2018-109.pdf,13,3,data/doc/pdfa/2018/2018-08-30_R02-2018-08-27-008.pdf,RIVIÈRE-SALEÉE,D,1529,0.0402,0.2553,0
26,data/doc/raw/2018/2018-08-30_RAA-2018-109.pdf,17,3,data/doc/pdfa/2018/2018-08-30_R02-2018-08-27-005.pdf,TROIS-ÎLETS,|,955,0.0,0.0,0
27,data/doc/raw/2018/2018-08-30_RAA-2018-109.pdf,21,3,data/doc/pdfa/2018/2018-08-30_R02-2018-08-27-006.pdf,DIAMANT,B,1074,0.0,0.0293,0
28,data/doc/raw/2018/2018-08-30_RAA-2018-109.pdf,25,3,data/doc/pdfa/2018/2018-08-30_R02-2018-08-27-007.pdf,DIAMANT,Ë,1569,0.3904,0.4539,0
29,data/doc/raw/2018/2018-09-07_RAA-2018-113.pdf,24,4,data/doc/pdfa/2018/2018-09-07_R02-2018-08-31-011.pdf,FORT-DE-FRANCE,V,"573, 574, 575",0.0,0.0,0
30,data/doc/raw/2018/2018-12-11_RAA-2018-153.pdf,9,3,data/doc/pdfa/2018/2018-12-11_R02-2018-12-07-002.pdf,LE LAMENTIN,B,1943,0.0901,0.0,0
31,data/doc/raw/2018/2018-12-11_RAA-2018-153.pdf,13,3,data/doc/pdfa/2018/2018-12-11_R02-2018-12-07-004.pdf,SCHCŒLCHER,T,"1413,",0.14980000000000002,0.0,0
32,data/doc/raw/2018/2018-12-11_RAA-2018-153.pdf,17,3,data/doc/pdfa/2018/2018-12-11_R02-2018-12-07-003.pdf,CASE-PILOTE,E,617,0.19290000000000002,0.0379,0
33,data/doc/raw/2018/2018-02-15_RAA-2018-018.pdf,22,3,data/doc/pdfa/2018/2018-02-15_R02-2018-01-31-005.pdf,LES TROIS-ÎLETS,C,1459,1.0854000000000001,0.0,0
34,data/doc/raw/2018/2018-02-15_RAA-2018-018.pdf,26,4,data/doc/pdfa/2018/2018-02-15_R02-2018-01-31-004.pdf,LE DIAMANT,B,754,0.0315,0.14140000000000003,0
35,data/doc/raw/2018/2018-02-15_RAA-2018-018.pdf,31,3,data/doc/pdfa/2018/2018-02-15_R02-2018-01-31-003.pdf,LE MARIN,B,257,0.42219999999999996,0.2177,0
36,data/doc/raw/2018/2018-02-15_RAA-2018-018.pdf,35,2,data/doc/pdfa/2018/2018-02-15_R02-2018-02-05-002.pdf,LE ROBERT,C,"950, 1152, 1613",0.0,0.0,0
37,data/doc/raw/2018/2018-07-06_RAA-2018-084.pdf,44,3,data/doc/pdfa/2018/2018-07-06_R02-2018-06-27-007.pdf,LE DIAMANT,E,1235,0.4,0.0,0
38,data/doc/raw/2018/2018-07-06_RAA-2018-084.pdf,48,2,data/doc/pdfa/2018/2018-07-06_R02-2018-07-02-002.pdf,LES TROIS-LETS,|,175,0.0,0.0,0
39,data/doc/raw/2018/2018-07-06_RAA-2018-084.pdf,51,3,data/doc/pdfa/2018/2018-07-06_R02-2018-07-03-004.pdf,LES TROIS-ILETS,C,937,0.1743,0.0882,0
40,data/doc/raw/2018/2018-07-06_RAA-2018-084.pdf,55,3,data/doc/pdfa/2018/2018-07-06_R02-2018-07-05-001.pdf,SAINTE-LUCE,|,"380,",0.0,0.0259,0
41,data/doc/raw/2018/2018-07-06_RAA-2018-084.pdf,59,3,data/doc/pdfa/2018/2018-07-06_R02-2018-07-03-003.pdf,LES ANSES-D'ARLET,À,89,0.0,0.0,0
42,data/doc/raw/2018/2018-07-06_RAA-2018-084.pdf,63,3,data/doc/pdfa/2018/2018-07-06_R02-2018-07-03-005.pdf,LE DIAMANT,B,800,0.193,0.027,0
43,data/doc/raw/2018/2018-06-07_RAA-2018-070.pdf,28,4,data/doc/pdfa/2018/2018-06-07_R02-2018-06-04-001.pdf,LE ROBERT,T,254,0.2162,0.0253,0
44,data/doc/raw/2018/2018-06-07_RAA-2018-070.pdf,33,2,data/doc/pdfa/2018/2018-06-07_R02-2018-05-31-005.pdf,CASE-PILOTE,B,1912,0.0,0.07890000000000001,0
45,data/doc/raw/2018/2018-06-07_RAA-2018-070.pdf,36,3,data/doc/pdfa/2018/2018-06-07_R02-2018-06-04-002.pdf,CASE-PILOTE,D,30,0.0,1.2751000000000001,0
46,data/doc/raw/2018/2018-06-07_RAA-2018-070.pdf,40,2,data/doc/pdfa/2018/2018-06-07_R02-2018-05-31-004.pdf,CASE-PILOTE,B,1912,0.0,0.050600000000000006,0
47,data/doc/raw/2018/2018-10-22_RAA-2018-131.pdf,57,2,data/doc/pdfa/2018/2018-10-22_R02-2018-10-17-001.pdf,SAINTE-LUCE,D,1704,0.0834,0.06659999999999999,0
48,data/doc/raw/2018/2018-10-22_RAA-2018-131.pdf,60,2,data/doc/pdfa/2018/2018-10-22_R02-2018-10-17-002.pdf,SCHŒLCHER,H,"195, 196",0.1631,0.275,0
49,data/doc/raw/2018/2018-03-15_RAA-2018-036.pdf,14,4,data/doc/pdfa/2018/2018-03-15_R02-2018-03-12-004.pdf,FORT-DE-FRANCE,R,784,0.9821,0.0,0
50,data/doc/raw/2018/2018-03-15_RAA-2018-036.pdf,19,3,data/doc/pdfa/2018/2018-03-15_R02-2018-03-05-016.pdf,LE MARIN,K,975,0.0,0.2896,0
51,data/doc/raw/2018/2018-12-11_RAA-2018-152.pdf,198,4,data/doc/pdfa/2018/2018-12-11_R02-2018-12-03-001.pdf,SAINT-PIERRE,I,94,14.545,0.0,0
52,data/doc/raw/2018/2018-12-17_RAA-2018-155.pdf,34,3,data/doc/pdfa/2018/2018-12-17_R02-2018-12-10-016.pdf,LES ANSES-D'ARLET,C,576,0.6318,0.0498,0
53,data/doc/raw/2018/2018-11-12_RAA-2018-142.pdf,51,3,data/doc/pdfa/2018/2018-11-12_R02-2018-11-06-003.pdf,LES TROIS-ÎLETS,C,2176,0.14670000000000002,0.1062,0
54,data/doc/raw/2018/2018-11-12_RAA-2018-142.pdf,55,4,data/doc/pdfa/2018/2018-11-12_R02-2018-11-06-004.pdf,LES TROIS-ÎLETS,|,"904,",0.1136,0.20020000000000002,0
55,data/doc/raw/2018/2018-11-12_RAA-2018-142.pdf,60,4,data/doc/pdfa/2018/2018-11-12_R02-2018-11-06-002.pdf,LES ANSES-D'ARLET,D,179,3.4241,1.9146,0
56,data/doc/raw/2018/2018-12-20_RAA-2018-158.pdf,25,3,data/doc/pdfa/2018/2018-12-20_R02-2018-12-11-003.pdf,LES ANSES-D'ARLET,N,1031,0.0,0.049100000000000005,0
57,data/doc/raw/2018/2018-12-20_RAA-2018-158.pdf,29,3,data/doc/pdfa/2018/2018-12-20_R02-2018-12-11-002.pdf,LE DIAMANT,B,170,1.6878000000000002,0.0,0
58,data/doc/raw/2018/2018-12-20_RAA-2018-158.pdf,33,3,data/doc/pdfa/2018/2018-12-20_R02-2018-12-11-004.pdf,LES TROIS-ÎLETS,C,2721,0.0,0.07160000000000001,0
59,data/doc/raw/2018/2018-11-05_RAA-2018-133.pdf,46,3,data/doc/pdfa/2018/2018-11-05_R02-2018-10-22-004.pdf,LES TROIS-ÎLETS,C,1597,0.1964,0.0,0
60,data/doc/raw/2018/2018-11-05_RAA-2018-133.pdf,50,3,data/doc/pdfa/2018/2018-11-05_R02-2018-10-22-005.pdf,CASE-PILOTE,E,617,0.1378,0.0,0
61,data/doc/raw/2018/2018-04-26_RAA-2018-052.pdf,19,3,data/doc/pdfa/2018/2018-04-26_R02-2018-04-13-008.pdf,SAINT-PIERRE,|,94,0.0,14.545,0
62,data/doc/raw/2018/2018-11-14_RAA-2018-143.pdf,13,3,data/doc/pdfa/2018/2018-11-14_R02-2018-11-12-001.pdf,RIVIÈRE-PILOTE,L,71,0.0,0.0,0
63,data/doc/raw/2018/2018-11-14_RAA-2018-143.pdf,17,3,data/doc/pdfa/2018/2018-11-14_R02-2018-11-12-002.pdf,LES ANSES-D'ARLET,D,93,0.0,3.7207999999999997,0
64,data/doc/raw/2018/2018-09-28_RAA-2018-122.pdf,21,2,data/doc/pdfa/2018/2018-09-28_R02-2018-09-21-002.pdf,FORT-DE-FRANCE,H,457,0.0217,0.0,0
65,data/doc/raw/2018/2018-10-02_RAA-2018-123.pdf,11,3,data/doc/pdfa/2018/2018-10-02_R02-2018-09-26-001.pdf,LES ANSES-D'ARLET,À,488,0.0119,0.0,0
66,data/doc/raw/2018/2018-10-02_RAA-2018-123.pdf,15,3,data/doc/pdfa/2018/2018-10-02_R02-2018-09-26-002.pdf,RIVIÈRE-PILOTE,T,351,0.0214,0.0,0
67,data/doc/raw/2020/2020-04-17_RAA-2020-079.pdf,9,3,data/doc/pdfa/2020/2020-04-17_R02-2020-04-15-001.pdf,LE LAMENTIN,Y,697,0.3261,0.8767,0
68,data/doc/raw/2020/2020-04-17_RAA-2020-079.pdf,13,3,data/doc/pdfa/2020/2020-04-17_R02-2020-04-15-002.pdf,MARIN,C,"1797, 1798",0.0751,0.1634,0
69,data/doc/raw/2020/2020-04-17_RAA-2020-079.pdf,17,3,data/doc/pdfa/2020/2020-04-17_R02-2020-04-15-003.pdf,FORT-DE-FRANCE,L,610,0.0,0.53,0
70,data/doc/raw/2020/2020-07-01_RAA-2020-140.pdf,3,3,data/doc/pdfa/2020/2020-07-01_R02-2020-06-29-005.pdf,Anses d'Arlet,B,244,0.08,0.0,0
71,data/doc/raw/2020/2020-07-01_RAA-2020-140.pdf,7,3,data/doc/pdfa/2020/2020-07-01_R02-2020-06-20-001.pdf,LE DIAMANT,"
C",356,0.368,0.0,0
72,data/doc/raw/2020/2020-07-01_RAA-2020-140.pdf,11,3,data/doc/pdfa/2020/2020-07-01_R02-2020-06-29-003.pdf,Sainte Anne,B,1021,0.0822,0.0,0
73,data/doc/raw/2020/2020-07-01_RAA-2020-140.pdf,15,3,data/doc/pdfa/2020/2020-07-01_R02-2020-06-29-006.pdf,Trois Ilets,1,1027,0.0,0.0,0
74,data/doc/raw/2020/2020-07-01_RAA-2020-140.pdf,19,3,data/doc/pdfa/2020/2020-07-01_R02-2020-06-29-004.pdf,LE LAMENTIN,AK,105,0.16040000000000001,0.0,0
75,data/doc/raw/2020/2020-06-20_RAA-2020-128.pdf,20,3,data/doc/pdfa/2020/2020-06-20_R02-2020-06-18-005.pdf,FORT-DE-FRANCE,R,61,0.0489,0.0728,0
76,data/doc/raw/2020/2020-06-20_RAA-2020-128.pdf,24,4,data/doc/pdfa/2020/2020-06-20_R02-2020-06-18-007.pdf,MARIN,K,1081,0.0,0.2563,0
77,data/doc/raw/2020/2020-06-20_RAA-2020-128.pdf,29,3,data/doc/pdfa/2020/2020-06-20_R02-2020-06-18-004.pdf,SCHOELCHER,E,356,0.1966,0.0,0
78,data/doc/raw/2020/2020-09-08_RAA-2020-195.pdf,21,6,data/doc/pdfa/2020/2020-09-08_R02-2020-08-24-007.pdf,,,,0.0,0.0,0
79,data/doc/raw/2020/2020-03-18_RAA-2020-039.pdf,63,3,data/doc/pdfa/2020/2020-03-18_R02-2020-03-11-001.pdf,LE VAUCLIN,D,1488,0.1271,0.0158,0
80,data/doc/raw/2020/2020-12-14_RAA-2020-280.pdf,38,4,data/doc/pdfa/2020/2020-12-14_R02-2020-12-09-002.pdf,RIVIÈRE-SALÉE,D,1134,0.1129,0.4517,0
81,data/doc/raw/2020/2020-02-27_RAA-2020-026.pdf,53,3,data/doc/pdfa/2020/2020-02-27_R02-2020-02-18-009.pdf,LES ANSES-D'ARLET,N,"793, 794,",0.0,0.5546000000000001,0
82,data/doc/raw/2020/2020-02-27_RAA-2020-026.pdf,57,2,data/doc/pdfa/2020/2020-02-27_R02-2020-02-18-008.pdf,RIVIÈRE-SALÉE,N,472,0.1053,2.7328,0
83,data/doc/raw/2020/2020-06-23_RAA-2020-130.pdf,8,3,data/doc/pdfa/2020/2020-06-23_R02-2020-06-18-008.pdf,RIVIÈRE-SALÉE,D,1144,0.1129,0.4517,0
84,data/doc/raw/2020/2020-05-27_RAA-2020-101.pdf,3,3,data/doc/pdfa/2020/2020-05-27_R02-2020-05-06-001.pdf,CASE-PILOTE,B,1942,0.1014,0.0,0
85,data/doc/raw/2020/2020-05-27_RAA-2020-101.pdf,30,2,data/doc/pdfa/2020/2020-05-27_R02-2020-04-24-013.pdf,MARIN,A,249,0.65,0.0,0
86,data/doc/raw/2020/2020-07-17_RAA-2020-154.pdf,67,5,data/doc/pdfa/2020/2020-07-17_R02-2020-07-15-003.pdf,FRANCOIS,E,790,0.2807,0.228,0
87,data/doc/raw/2020/2020-07-17_RAA-2020-154.pdf,73,4,data/doc/pdfa/2020/2020-07-17_R02-2020-07-15-004.pdf,FRANCOIS,E,788,0.3315,0.0,0
88,data/doc/raw/2020/2020-07-17_RAA-2020-154.pdf,78,4,data/doc/pdfa/2020/2020-07-17_R02-2020-07-09-003.pdf,Anses d'Arlets,D,85,0.3279,0.2361,0
89,data/doc/raw/2020/2020-01-15_RAA-2020-005.pdf,55,3,data/doc/pdfa/2020/2020-01-15_R02-2020-01-13-003.pdf,LA TRINITÉ,Y,"124, 293,",0.0422,0.4266,0
90,data/doc/raw/2020/2020-01-15_RAA-2020-005.pdf,59,5,data/doc/pdfa/2020/2020-01-15_R02-2020-01-08-002.pdf,LE LAMENTIN,K,1081,0.0227,0.5843999999999999,0
91,data/doc/raw/2020/2020-01-15_RAA-2020-005.pdf,65,3,data/doc/pdfa/2020/2020-01-15_R02-2020-01-08-003.pdf,LE LAMENTIN,K,488,0.0,0.5843999999999999,0
92,data/doc/raw/2020/2020-06-02_RAA-2020-103.pdf,10,3,data/doc/pdfa/2020/2020-06-02_R02-2020-05-06-002.pdf,CASE-PILOTE,B,1942,0.1014,0.0,0
93,data/doc/raw/2020/2020-10-01_RAA-2020-221.pdf,3,3,data/doc/pdfa/2020/2020-10-01_R02-2020-09-28-009.pdf,SAINT-PIERRE,|,"176, 177",4.02,0.0,0
94,data/doc/raw/2020/2020-10-01_RAA-2020-221.pdf,7,2,data/doc/pdfa/2020/2020-10-01_R02-2020-09-28-008.pdf,LES TROIS-ÎLETS,B,966,0.0,0.0,0
95,data/doc/raw/2020/2020-05-01_RAA-2020-090.pdf,3,3,data/doc/pdfa/2020/2020-05-01_R02-2020-04-24-010.pdf,MARIN,À,249,0.65,0.0,0
96,data/doc/raw/2020/2020-05-01_RAA-2020-090.pdf,7,3,data/doc/pdfa/2020/2020-05-01_R02-2020-04-24-011.pdf,SCHOELCHER,E,356,0.1966,0.0,0
97,data/doc/raw/2020/2020-11-26_RAA-2020-263.pdf,15,4,data/doc/pdfa/2020/2020-11-26_R02-2020-11-20-006.pdf,LE FRANÇOIS,C,1500,1.3993000000000002,0.5011,0
98,data/doc/raw/2020/2020-02-11_RAA-2020-019.pdf,31,3,data/doc/pdfa/2020/2020-02-11_R02-2020-01-24-003.pdf,LE LAMENTIN,S,239,0.397,0.0853,0
99,data/doc/raw/2020/2020-02-11_RAA-2020-019.pdf,35,3,data/doc/pdfa/2020/2020-02-11_R02-2020-02-04-007.pdf,SAINTE-LUCE,D,1704,0.062,0.088,0
100,data/doc/raw/2020/2020-09-01_RAA-2020-189.pdf,9,3,data/doc/pdfa/2020/2020-09-01_R02-2020-08-27-004.pdf,LA TRINITÉ,V,312,0.1169,0.5131,0
101,data/doc/raw/2020/2020-09-01_RAA-2020-189.pdf,13,3,data/doc/pdfa/2020/2020-09-01_R02-2020-08-27-005.pdf,LES TROIS-ÎLETS,|,402,0.1053,0.18359999999999999,0
102,data/doc/raw/2020/2020-09-01_RAA-2020-189.pdf,17,3,data/doc/pdfa/2020/2020-09-01_R02-2020-08-27-003.pdf,LES TROIS-ÎLETS,K,"321, 322",0.1373,0.45,0
103,data/doc/raw/2020/2020-09-01_RAA-2020-189.pdf,21,3,data/doc/pdfa/2020/2020-09-01_R02-2020-08-27-002.pdf,LES TROIS-ÎLETS,K,320,0.2208,0.2122,0
104,data/doc/raw/2020/2020-01-13_RAA-2020-003.pdf,20,4,data/doc/pdfa/2020/2020-01-13_R02-2020-01-06-001.pdf,LES ANSES-D'ARLET,C,380,2.1786,1.8612,0
105,data/doc/raw/2020/2020-01-13_RAA-2020-003.pdf,25,3,data/doc/pdfa/2019/2020-01-13_R02-2019-12-23-007.pdf,CASE-PILOTE,B,970,0.0,0.36,0
106,data/doc/raw/2020/2020-01-13_RAA-2020-003.pdf,29,3,data/doc/pdfa/2020/2020-01-13_R02-2020-01-06-002.pdf,LE ROBERT,C,380,0.3591,0.053700000000000005,0
107,data/doc/raw/2020/2020-01-13_RAA-2020-003.pdf,33,3,data/doc/pdfa/2020/2020-01-13_R02-2020-01-23-001.pdf,LES ANSES-D'ARLET,B,91,0.0,0.1201,0
108,data/doc/raw/2020/2020-10-27_RAA-2020-238.pdf,8,3,data/doc/pdfa/2020/2020-10-27_R02-2020-10-15-005.pdf,SCHŒLCHER,H,788,0.08310000000000001,0.0,0
109,data/doc/raw/2020/2020-10-27_RAA-2020-238.pdf,12,5,data/doc/pdfa/2020/2020-10-27_R02-2020-10-12-001.pdf,LE MARIN,|,584,0.0517,0.07410000000000001,0
110,data/doc/raw/2020/2020-10-27_RAA-2020-238.pdf,18,3,data/doc/pdfa/2020/2020-10-27_R02-2020-10-14-006.pdf,LES ANSES-D'ARLET,C,151,0.0,0.14300000000000002,0
111,data/doc/raw/2020/2020-11-05_RAA-2020-244.pdf,14,4,data/doc/pdfa/2020/2020-11-05_R02-2020-10-28-006.pdf,SAINT-ESPRIT,W,541,0.31679999999999997,0.1165,0
112,data/doc/raw/2020/2020-12-31_RAA-2020-299.pdf,3,3,data/doc/pdfa/2020/2020-12-31_R02-2020-12-30-002.pdf,RIVIERE PILOTE,B,266,0.0,0.5228,0
113,data/doc/raw/2020/2020-12-31_RAA-2020-299.pdf,7,2,data/doc/pdfa/2020/2020-12-31_R02-2020-12-21-010.pdf,LES TROIS-ÎLETS,C," 1168, 1169",0.0,0.0,0
114,data/doc/raw/2020/2020-12-31_RAA-2020-299.pdf,10,2,data/doc/pdfa/2020/2020-12-31_R02-2020-12-30-004.pdf,RIVIÈRE-SALÉE,D,2023,0.0,0.0,0
115,data/doc/raw/2020/2020-12-31_RAA-2020-299.pdf,13,4,data/doc/pdfa/2020/2020-12-31_R02-2020-12-30-003.pdf,SAINTE LUCE,I,2530,0.0553,0.0808,0
116,data/doc/raw/2020/2020-03-26_RAA-2020-050.pdf,8,3,data/doc/pdfa/2020/2020-03-26_R02-2020-03-17-004.pdf,FORT-DE-FRANCE,|,520,0.059000000000000004,0.10300000000000001,0
117,data/doc/raw/2020/2020-03-26_RAA-2020-050.pdf,12,4,data/doc/pdfa/2020/2020-03-26_R02-2020-03-17-005.pdf,LE LAMENTIN,AB,"766,",0.1632,0.0713,0
118,data/doc/raw/2020/2020-03-26_RAA-2020-050.pdf,17,4,data/doc/pdfa/2020/2020-03-26_R02-2020-03-02-015.pdf,CASE-PILOTE,E,353,0.0825,0.1528,0
119,data/doc/raw/2020/2020-03-26_RAA-2020-050.pdf,37,3,data/doc/pdfa/2020/2020-03-26_R02-2020-03-17-006.pdf,,,,1.7451,1.4597,0
120,data/doc/raw/2020/2020-02-11_RAA-2020-020.pdf,31,3,data/doc/pdfa/2020/2020-02-11_R02-2020-02-05-003.pdf,LES TROIS-ÎLETS,C,2806,0.4539,0.0,0
121,data/doc/raw/2020/2020-02-11_RAA-2020-020.pdf,35,3,data/doc/pdfa/2020/2020-02-11_R02-2020-01-31-009.pdf,LES TROIS-ILETS,C,2806,0.6828000000000001,0.0,0
122,data/doc/raw/2020/2020-02-11_RAA-2020-020.pdf,39,3,data/doc/pdfa/2020/2020-02-11_R02-2020-01-29-002.pdf,SAINT-PIERRE,|,94,14.545,0.0,0
123,data/doc/raw/2020/2020-02-11_RAA-2020-020.pdf,43,3,data/doc/pdfa/2020/2020-02-11_R02-2020-01-31-008.pdf,SAINTE-LUCE,I,246,0.0,0.20400000000000001,0
124,data/doc/raw/2020/2020-02-11_RAA-2020-020.pdf,47,3,data/doc/pdfa/2020/2020-02-11_R02-2020-02-05-001.pdf,LE LAMENTIN,I,533,0.9075,0.0,0
125,data/doc/raw/2020/2020-02-11_RAA-2020-020.pdf,51,3,data/doc/pdfa/2020/2020-02-11_R02-2020-02-05-002.pdf,LE MARIN,R,68,0.47,0.605,0
126,data/doc/raw/2020/2020-09-24_RAA-2020-213.pdf,33,14,data/doc/pdfa/2020/2020-09-24_R02-2020-09-03-003.pdf,VAUCLIN,C,"62, 65, 575",1.1139000000000001,0.0,0
127,data/doc/raw/2020/2020-07-10_RAA-2020-148.pdf,5,3,data/doc/pdfa/2020/2020-07-10_R02-2020-07-03-006.pdf,Anses d'Arlets,I,2,0.0,0.017,0
128,data/doc/raw/2020/2020-07-09_RAA-2020-147.pdf,14,5,data/doc/pdfa/2020/2020-07-09_R02-2020-07-06-005.pdf,DIAMANT,E,1569,0.1081,0.6478,0
129,data/doc/raw/2019/2019-12-04_RAA-2019-152.pdf,34,3,data/doc/pdfa/2019/2019-12-04_R02-2019-11-26-009.pdf,LE DIAMANT,B,796,0.30319999999999997,0.125,0
130,data/doc/raw/2019/2019-12-04_RAA-2019-152.pdf,38,2,data/doc/pdfa/2019/2019-12-04_R02-2019-10-02-004.pdf,LES TROIS-ÎLETS,1,869,0.038599999999999995,0.0,0
131,data/doc/raw/2019/2019-12-04_RAA-2019-152.pdf,41,3,data/doc/pdfa/2019/2019-12-04_R02-2019-12-02-001.pdf,SAINTE-ANNE,E,1144,0.558,0.0,0
132,data/doc/raw/2019/2019-05-21_RAA-2019-058.pdf,6,3,data/doc/pdfa/2019/2019-05-21_R02-2019-05-14-011.pdf,FORT-DE-FRANCE,R,905,0.0,0.1625,0
133,data/doc/raw/2019/2019-05-21_RAA-2019-058.pdf,10,3,data/doc/pdfa/2019/2019-05-21_R02-2019-05-14-009.pdf,LES ANSES-D'ARLET,À,467,0.0,0.343,0
134,data/doc/raw/2019/2019-05-21_RAA-2019-058.pdf,14,3,data/doc/pdfa/2019/2019-05-21_R02-2019-05-14-012.pdf,LE LAMENTIN,O,1375,0.0,0.1595,0
135,data/doc/raw/2019/2019-05-21_RAA-2019-058.pdf,18,4,data/doc/pdfa/2019/2019-05-21_R02-2019-05-14-010.pdf,LE DIAMANT,E,1626,0.3548,0.1328,0
136,data/doc/raw/2019/2019-04-09_RAA-2019-040.pdf,72,3,data/doc/pdfa/2019/2019-04-09_R02-2019-04-05-027.pdf,LE FRANÇOIS,P,1199,0.0,0.0,0
137,data/doc/raw/2019/2019-06-27_RAA-2019-079.pdf,14,3,data/doc/pdfa/2019/2019-06-27_R02-2019-06-25-003.pdf,BELLEFONTAINE,D,801,0.0,0.10160000000000001,0
138,data/doc/raw/2019/2019-06-27_RAA-2019-079.pdf,18,3,data/doc/pdfa/2019/2019-06-27_R02-2019-06-25-004.pdf,LES ANSES-D'ARLET,D,30,0.2949,0.6455,0
139,data/doc/raw/2019/2019-09-02_RAA-2019-105.pdf,15,3,data/doc/pdfa/2019/2019-09-02_R02-2019-08-26-008.pdf,LES TROIS-ÎLETS,C,1384,0.0,0.18539999999999998,0
140,data/doc/raw/2019/2019-09-02_RAA-2019-105.pdf,19,3,data/doc/pdfa/2019/2019-09-02_R02-2019-08-26-005.pdf,LES TROIS-ÎLETS,À,842,0.0408,0.0056,0
141,data/doc/raw/2019/2019-09-02_RAA-2019-105.pdf,23,3,data/doc/pdfa/2019/2019-09-02_R02-2019-08-26-007.pdf,LE DIAMANT,B,798,0.111,0.3172,0
142,data/doc/raw/2019/2019-09-02_RAA-2019-105.pdf,27,3,data/doc/pdfa/2019/2019-09-02_R02-2019-08-26-006.pdf,FORT-DE-FRANCE,K,1021,0.08990000000000001,0.0383,0
143,data/doc/raw/2019/2019-09-02_RAA-2019-105.pdf,31,3,data/doc/pdfa/2019/2019-09-02_R02-2019-08-26-002.pdf,LES TROIS-ÎLETS,|,581,0.0,0.5028,0
144,data/doc/raw/2019/2019-09-02_RAA-2019-105.pdf,35,3,data/doc/pdfa/2019/2019-09-02_R02-2019-08-26-001.pdf,LES TROIS-ÎLETS,|,579,0.0,0.3415,0
145,data/doc/raw/2019/2019-09-02_RAA-2019-105.pdf,39,3,data/doc/pdfa/2019/2019-09-02_R02-2019-08-26-004.pdf,LES ANSES-D'ARLET,C,504,0.0,0.0168,0
146,data/doc/raw/2019/2019-09-02_RAA-2019-105.pdf,43,3,data/doc/pdfa/2019/2019-09-02_R02-2019-08-26-003.pdf,LES TROIS-ÎLETS,|,581,0.0,0.5028,0
147,data/doc/raw/2019/2019-06-03_RAA-2019-060.pdf,7,12,data/doc/pdfa/2019/2019-06-03_R02-2019-05-23-007.pdf,Rivière-Salée par la communauté d'agglomération de l'espace Sud Martinique 19,N,341,0.034999999999999996,0.0,0
148,data/doc/raw/2019/2019-06-03_RAA-2019-060.pdf,20,7,data/doc/pdfa/2019/2019-06-03_R02-2019-05-23-010.pdf,,,,0.0,0.0,0
149,data/doc/raw/2019/2019-06-03_RAA-2019-060.pdf,38,3,data/doc/pdfa/2019/2019-06-03_R02-2019-05-23-006.pdf,LES TROIS-ILETS,C,2118,0.1443,0.7409,0
150,data/doc/raw/2019/2019-06-03_RAA-2019-060.pdf,42,3,data/doc/pdfa/2019/2019-06-03_R02-2019-05-23-004.pdf,CASE-PILOTE,E,47,1.42,0.0,0
151,data/doc/raw/2019/2019-06-03_RAA-2019-060.pdf,46,3,data/doc/pdfa/2019/2019-06-03_R02-2019-05-23-005.pdf,LES ANSES-D'ARLET,À,421,0.0366,0.0973,0
152,data/doc/raw/2019/2019-01-31_RAA-2019-011.pdf,27,3,data/doc/pdfa/2019/2019-01-31_R02-2019-01-28-001.pdf,LES ANSES-D'ARLET,L,544,0.0,0.0,0
153,data/doc/raw/2019/2019-01-31_RAA-2019-011.pdf,31,3,data/doc/pdfa/2019/2019-01-31_R02-2019-01-30-001.pdf,LE LAMENTIN,AC,"825, 906",0.0,0.1119,0
154,data/doc/raw/2019/2019-01-31_RAA-2019-011.pdf,35,3,data/doc/pdfa/2019/2019-01-31_R02-2019-01-28-003.pdf,LE LAMENTIN,Z,210,0.07050000000000001,0.0964,0
155,data/doc/raw/2019/2019-01-31_RAA-2019-011.pdf,39,3,data/doc/pdfa/2019/2019-01-31_R02-2019-01-28-002.pdf,RIVIÈRE-SALÉE,D,2023,0.056,0.044,0
156,data/doc/raw/2019/2019-05-09_RAA-2019-053.pdf,10,3,data/doc/pdfa/2019/2019-05-09_R02-2019-05-03-002.pdf,LES TROIS-ILETS,|,732,0.10010000000000001,0.0,0
157,data/doc/raw/2019/2019-05-09_RAA-2019-053.pdf,14,3,data/doc/pdfa/2019/2019-05-09_R02-2019-04-18-006.pdf,LES TROIS-ÎLETS,C,937,2.0457,1.2301,0
158,data/doc/raw/2019/2019-01-28_RAA-2019-010.pdf,9,3,data/doc/pdfa/2019/2019-01-28_R02-2019-01-16-005.pdf,FORT-DE-FRANCE,V,618,0.0,0.3451,0
159,data/doc/raw/2019/2019-04-30_RAA-2019-047.pdf,15,8,data/doc/pdfa/2019/2019-04-30_R02-2019-04-23-001.pdf,,,,0.0,0.0,0
160,data/doc/raw/2019/2019-07-23_RAA-2019-090.pdf,3,3,data/doc/pdfa/2019/2019-07-23_R02-2019-07-02-020.pdf,SAINT-PIERRE,|,"176, 177",4.6243,0.9095,0
161,data/doc/raw/2019/2019-07-23_RAA-2019-090.pdf,7,3,data/doc/pdfa/2019/2019-07-23_R02-2019-07-19-005.pdf,Ste-Luce 10,|,984,0.0,0.3,0
162,data/doc/raw/2019/2019-03-25_RAA-2019-034.pdf,23,3,data/doc/pdfa/2019/2019-03-25_R02-2019-03-27-001.pdf,LES ANSES-D'ARLET,C,300,0.07880000000000001,0.0677,0
163,data/doc/raw/2019/2019-03-25_RAA-2019-034.pdf,27,3,data/doc/pdfa/2019/2019-03-25_R02-2019-03-27-003.pdf,LE DIAMANT,B,951,1.6007,0.10020000000000001,0
164,data/doc/raw/2019/2019-03-25_RAA-2019-034.pdf,31,3,data/doc/pdfa/2019/2019-03-25_R02-2019-03-27-002.pdf,FORT-DE-FRANCE,|,1656,0.3237,0.0069,0
165,data/doc/raw/2019/2019-06-13_RAA-2019-064.pdf,55,3,data/doc/pdfa/2019/2019-06-13_R02-2019-06-04-001.pdf,CASE-PILOTE,B,1245,0.0,0.0,0
166,data/doc/raw/2019/2019-06-13_RAA-2019-064.pdf,59,3,data/doc/pdfa/2019/2019-06-13_R02-2019-06-04-002.pdf,LES TROIS-ÎLETS,|,637,0.0,0.0,0
167,data/doc/raw/2019/2019-05-20_RAA-2019-055.pdf,26,4,data/doc/pdfa/2019/2019-05-20_R02-2019-05-14-006.pdf,FORT-DE-FRANCE,L,"401, 403, 404, 455,",2.3853,2.6705,0
168,data/doc/raw/2019/2019-02-26_RAA-2019-022.pdf,15,3,data/doc/pdfa/2019/2019-02-26_R02-2019-02-12-009.pdf,FORT-DE-FRANCE,K,1097,0.0,0.0895,0
169,data/doc/raw/2019/2019-02-26_RAA-2019-022.pdf,19,2,data/doc/pdfa/2019/2019-02-26_R02-2019-02-12-008.pdf,LE DIAMANT,B,1074,0.0,0.0,0
170,data/doc/raw/2019/2019-10-21_RAA-2019-134.pdf,6,3,data/doc/pdfa/2019/2019-10-21_R02-2019-10-18-002.pdf,SCHŒLCHER,W,30,0.0,0.0835,0
171,data/doc/raw/2019/2019-10-21_RAA-2019-134.pdf,10,3,data/doc/pdfa/2019/2019-10-21_R02-2019-10-18-001.pdf,LE MARIN,R,"399,",0.0,1.854,0
172,data/doc/raw/2019/2019-10-21_RAA-2019-134.pdf,14,3,data/doc/pdfa/2019/2019-10-21_R02-2019-10-18-003.pdf,SAINTE-LUCE,M,"131,132",0.6715,0.5046,0
173,data/doc/raw/2019/2019-04-03_RAA-2019-038.pdf,82,2,data/doc/pdfa/2019/2019-04-03_R02-2019-03-28-010.pdf,SAINTE-LUCE,D,1704,0.0,0.0,0
174,data/doc/raw/2019/2019-12-13_RAA-2019-156.pdf,20,3,data/doc/pdfa/2019/2019-12-13_R02-2019-12-09-002.pdf,LES TROIS-ÎLETS,C,"2845, 2846",0.09759999999999999,0.0011,0
175,data/doc/raw/2019/2019-03-11_RAA-2019-026.pdf,52,3,data/doc/pdfa/2019/2019-03-11_R02-2019-02-26-035.pdf,LE CARBET,E,442,0.0,0.0,0
176,data/doc/raw/2019/2019-02-12_RAA-2019-018.pdf,20,3,data/doc/pdfa/2019/2019-02-12_R02-2019-02-08-002.pdf,LES ANSES-D'ARLET,L,631,0.17870000000000003,0.0,0
177,data/doc/raw/2019/2019-12-19_RAA-2019-158.pdf,34,3,data/doc/pdfa/2019/2019-12-19_R02-2019-12-13-009.pdf,LES TROIS-ÎLETS,I,1026,0.1244,0.0428,0
178,data/doc/raw/2019/2019-12-19_RAA-2019-158.pdf,38,3,data/doc/pdfa/2019/2019-12-19_R02-2019-12-13-010.pdf,LES ANSES-D'ARLET,M,210,0.0186,0.1239,0
179,data/doc/raw/2019/2019-12-19_RAA-2019-158.pdf,42,3,data/doc/pdfa/2019/2019-12-19_R02-2019-12-13-011.pdf,FORT-DE-FRANCE,D,393,0.0742,0.054900000000000004,0
180,data/doc/raw/2019/2019-02-19_RAA-2019-020.pdf,48,3,data/doc/pdfa/2019/2019-02-19_R02-2019-02-11-006.pdf,LE LAMENTIN,O,1056,0.0972,0.0529,0
181,data/doc/raw/2019/2019-02-19_RAA-2019-020.pdf,52,3,data/doc/pdfa/2019/2019-02-19_R02-2019-02-11-005.pdf,SCHŒLCHER,Ë,596,0.0343,0.0,0
182,data/doc/raw/2019/2019-10-07_RAA-2019-126.pdf,10,3,data/doc/pdfa/2019/2019-10-07_R02-2019-10-03-003.pdf,FORT-DE-FRANCE,AX,791,0.07060000000000001,0.0393,0
183,data/doc/raw/2019/2019-10-07_RAA-2019-126.pdf,14,3,data/doc/pdfa/2019/2019-10-07_R02-2019-10-03-005.pdf,SCHŒLCHER,H,93,0.0,0.067,0
184,data/doc/raw/2019/2019-10-07_RAA-2019-126.pdf,18,3,data/doc/pdfa/2019/2019-10-07_R02-2019-10-03-004.pdf,LES TROIS-ILETS,|,869,0.035699999999999996,0.0,0
185,data/doc/raw/2019/2019-10-07_RAA-2019-126.pdf,22,3,data/doc/pdfa/2019/2019-10-07_R02-2019-10-03-002.pdf,LES TROIS-ÎLETS,B,736,0.0,0.07930000000000001,0
186,data/doc/raw/2019/2019-02-22_RAA-2019-021.pdf,30,3,data/doc/pdfa/2019/2019-02-22_R02-2019-02-12-007.pdf,FORT-DE-FRANCE,|,1655,0.17570000000000002,0.020900000000000002,0
187,data/doc/raw/2019/2019-02-22_RAA-2019-021.pdf,34,3,data/doc/pdfa/2019/2019-02-22_R02-2019-02-12-006.pdf,LES ANSES-D'ARLET,K,544,0.0516,0.0907,0
188,data/doc/raw/2019/2019-02-22_RAA-2019-021.pdf,38,3,data/doc/pdfa/2019/2019-02-22_R02-2019-02-11-007.pdf,LE VAUCLIN,V,157,0.0,0.0,0
189,data/doc/raw/2019/2019-02-12_RAA-2019-017.pdf,54,3,data/doc/pdfa/2019/2019-02-12_R02-2019-01-05-002.pdf,LE DIAMANT,|,285,0.0,0.0925,0
190,data/doc/raw/2019/2019-02-12_RAA-2019-017.pdf,58,3,data/doc/pdfa/2019/2019-02-12_R02-2019-01-05-003.pdf,RIVIÈRE-PILOTE,À,1079,0.0,0.07,0
191,data/doc/raw/2019/2019-02-12_RAA-2019-017.pdf,62,3,data/doc/pdfa/2019/2019-02-12_R02-2019-01-05-001.pdf,LES TROIS-ÎLETS,1,683,0.0273,0.7537,0
192,data/doc/raw/2019/2019-06-13_RAA-2019-070.pdf,39,3,data/doc/pdfa/2019/2019-06-13_R02-2019-06-07-004.pdf,LES TROIS-ILETS,1,580,0.1235,0.0,0
193,data/doc/raw/2019/2019-05-07_RAA-2019-052.pdf,41,3,data/doc/pdfa/2019/2019-05-07_R02-2019-04-03-002.pdf,SAINTE-LUCE,M,225,0.2187,0.0,0
194,data/doc/raw/2019/2019-11-18_RAA-2019-144.pdf,44,3,data/doc/pdfa/2019/2019-11-18_R02-2019-11-08-003.pdf,SAINT-PIERRE,L,382,0.0,0.0,0
195,data/doc/raw/2019/2019-11-18_RAA-2019-145.pdf,15,3,data/doc/pdfa/2019/2019-11-18_R02-2019-11-14-008.pdf,FORT-DE-FRANCE,C,95,0.0596,0.029400000000000003,0
196,data/doc/raw/2019/2019-11-18_RAA-2019-145.pdf,19,3,data/doc/pdfa/2019/2019-11-18_R02-2019-11-14-009.pdf,LES TROIS-ÎLETS,C," 1168,",0.0467,0.1133,0
197,data/doc/raw/2019/2019-06-17_RAA-2019-071.pdf,143,4,data/doc/pdfa/2019/2019-06-17_R02-2019-06-14-003.pdf,LES ANSES-D'ARLET,D,179,3.4770999999999996,1.8616,0
198,data/doc/raw/2019/2019-09-16_RAA-2019-114.pdf,192,3,data/doc/pdfa/2019/2019-09-16_R02-2019-09-13-002.pdf,LE MARIGOT,C,1215,0.0112,0.1729,0
199,data/doc/raw/2019/2019-01-24_RAA-2019-009.pdf,61,3,data/doc/pdfa/2019/2019-01-24_R02-2019-01-14-009.pdf,SAINTE-LUCE,D,527,0.0,0.028999999999999998,0
200,data/doc/raw/2019/2019-01-24_RAA-2019-009.pdf,68,3,data/doc/pdfa/2019/2019-01-24_R02-2019-01-14-008.pdf,RIVIÈRE-SALÉE,K,"2818,",0.0,0.39280000000000004,0
201,data/doc/raw/2019/2019-01-24_RAA-2019-009.pdf,72,3,data/doc/pdfa/2019/2019-01-24_R02-2019-01-22-003.pdf,CASE PILOTE,B,1943,0.0,0.0,0
202,data/doc/raw/2019/2019-01-24_RAA-2019-009.pdf,76,3,data/doc/pdfa/2019/2019-01-24_R02-2019-01-21-002.pdf,LE ROBERT,V,858,0.0,0.1863,0
203,data/doc/raw/2019/2019-01-24_RAA-2019-009.pdf,80,4,data/doc/pdfa/2019/2019-01-24_R02-2019-01-14-010.pdf,LES ANSES-D'ARLET,C,"204, 262",0.1421,0.0,0
204,data/doc/raw/2019/2019-01-24_RAA-2019-009.pdf,85,3,data/doc/pdfa/2019/2019-01-24_R02-2019-01-17-005.pdf,FORT-DE-FRANCE,N,1145,0.13570000000000002,0.20700000000000002,0
205,data/doc/raw/2022/2022-05-10_RAA-2022-128.pdf,11,3,data/doc/pdfa/2022/2022-05-10_R02-2022-05-09-00002.pdf,,,,0.089,0.0,0
206,data/doc/raw/2022/2022-05-10_RAA-2022-128.pdf,15,4,data/doc/pdfa/2022/2022-05-10_R02-2022-05-09-00001.pdf,,,,0.2641,0.0,0
207,data/doc/raw/2022/2022-04-12_RAA-2022-101.pdf,8,4,data/doc/pdfa/2022/2022-04-12_R02-2022-04-08-00002.pdf,GROS MORNE,C,201,0.0673,0.2576,0
208,data/doc/raw/2022/2022-04-12_RAA-2022-101.pdf,13,4,data/doc/pdfa/2022/2022-04-12_R02-2022-03-18-00007.pdf,LA TRINITE,N,909,0.13290000000000002,0.4384,0
209,data/doc/raw/2022/2022-06-29_RAA-2022-183.pdf,19,4,data/doc/pdfa/2022/2022-06-29_R02-2022-06-27-00001.pdf,ANSES D'ARLET,M,209,0.0,0.15289999999999998,0
210,data/doc/raw/2022/2022-06-29_RAA-2022-183.pdf,24,4,data/doc/pdfa/2022/2022-06-29_R02-2022-06-23-00005.pdf,ANSES D'ARLET,N,549,0.0781,0.0335,0
211,data/doc/raw/2022/2022-06-29_RAA-2022-183.pdf,29,3,data/doc/pdfa/2022/2022-06-29_R02-2022-06-23-00004.pdf,,,,0.0,0.1,0
212,data/doc/raw/2022/2022-06-29_RAA-2022-183.pdf,33,4,data/doc/pdfa/2022/2022-06-29_R02-2022-06-23-00003.pdf,MARIN,E,333,0.12329999999999999,0.28640000000000004,0
213,data/doc/raw/2022/2022-06-29_RAA-2022-183.pdf,38,3,data/doc/pdfa/2022/2022-06-29_R02-2022-06-23-00002.pdf,,,,0.0,0.17550000000000002,0
214,data/doc/raw/2022/2022-06-29_RAA-2022-183.pdf,42,4,data/doc/pdfa/2022/2022-06-29_R02-2022-06-27-00002.pdf,la TRINITE,V,1494,0.0476,0.1693,0
215,data/doc/raw/2022/2022-07-26_RAA-2022-203.pdf,75,4,data/doc/pdfa/2022/2022-07-26_R02-2022-07-20-00001.pdf,CASE PILOTE,E,145,0.249,0.0882,0
216,data/doc/raw/2022/2022-08-23_RAA-2022-225.pdf,3,5,data/doc/pdfa/2022/2022-08-23_R02-2022-08-22-00001.pdf,ANSES D'ARLET,N,756,0.0356,0.0732,0
217,data/doc/raw/2022/2022-05-02_RAA-2022-116.pdf,16,3,data/doc/pdfa/2022/2022-05-02_R02-2022-04-28-00005.pdf,RIVIERE PILOTE,N,909,0.0,0.27,0
218,data/doc/raw/2022/2022-05-31_RAA-2022-152.pdf,23,3,data/doc/pdfa/2022/2022-05-31_R02-2022-05-25-00001.pdf,DIAMANT,O,361,0.0,0.20020000000000002,0
219,data/doc/raw/2022/2022-06-24_RAA-2022-181.pdf,43,3,data/doc/pdfa/2022/2022-06-24_R02-2022-06-21-00002.pdf,SAINTE-LUCE,N,214,0.0,0.0626,0
220,data/doc/raw/2022/2022-06-24_RAA-2022-181.pdf,47,4,data/doc/pdfa/2022/2022-06-24_R02-2022-06-21-00003.pdf,ANSES D'ARLET,C,74,0.0791,0.038099999999999995,0
221,data/doc/raw/2022/2022-06-24_RAA-2022-181.pdf,52,3,data/doc/pdfa/2022/2022-06-24_R02-2022-06-21-00001.pdf,CASE PILOTE,B,1645,0.0,0.2615,0
222,data/doc/raw/2022/2022-03-30_RAA-2022-085.pdf,5,3,data/doc/pdfa/2022/2022-03-30_R02-2022-03-29-00002.pdf,,,,0.0,0.1131,0
223,data/doc/raw/2022/2022-03-30_RAA-2022-085.pdf,9,4,data/doc/pdfa/2022/2022-03-30_R02-2022-03-29-00003.pdf,,,,0.129,0.0,0
224,data/doc/raw/2022/2022-03-30_RAA-2022-085.pdf,14,4,data/doc/pdfa/2022/2022-03-30_R02-2022-03-29-00004.pdf,FORT DEFRANCE,BR,39,0.0,0.3161,0
225,data/doc/raw/2022/2022-07-02_RAA-2022-185.pdf,55,3,data/doc/pdfa/2022/2022-07-02_R02-2022-06-27-00003.pdf,,,,0.058800000000000005,0.0,0
226,data/doc/raw/2022/2022-07-16_RAA-2022-199.pdf,45,4,data/doc/pdfa/2022/2022-07-16_R02-2022-07-12-00010.pdf,,,,0.0,0.0,0
227,data/doc/raw/2022/2022-02-14_RAA-2022-040.pdf,8,4,data/doc/pdfa/2022/2022-02-14_R02-2022-02-10-00005.pdf,,,,0.6622,0.723,0
228,data/doc/raw/2022/2022-05-06_RAA-2022-124.pdf,6,4,data/doc/pdfa/2022/2022-05-06_R02-2022-05-05-00002.pdf,RIVIÈRE-SALÉE,E,755,0.1901,0.0,0
229,data/doc/raw/2022/2022-04-05_RAA-2022-093.pdf,3,4,data/doc/pdfa/2022/2022-04-05_R02-2022-04-04-00003.pdf,,,,0.3803,0.1147,0
230,data/doc/raw/2022/2022-04-05_RAA-2022-093.pdf,8,4,data/doc/pdfa/2022/2022-04-05_R02-2022-04-04-00001.pdf,LAMENTIN,Z,730,0.0081,0.1202,0
231,data/doc/raw/2022/2022-04-05_RAA-2022-093.pdf,13,5,data/doc/pdfa/2022/2022-04-05_R02-2022-04-04-00002.pdf,MARIN,C,1863,0.24,0.1387,0
232,data/doc/raw/2022/2022-04-05_RAA-2022-093.pdf,19,3,data/doc/pdfa/2022/2022-04-05_R02-2022-04-04-00004.pdf,,,,0.0722,0.0,0
233,data/doc/raw/2022/2022-04-05_RAA-2022-093.pdf,23,3,data/doc/pdfa/2022/2022-04-05_R02-2022-04-04-00005.pdf,,,,0.0881,0.0,0
234,data/doc/raw/2022/2022-01-14_RAA-2022-009.pdf,11,3,data/doc/pdfa/2022/2022-01-14_R02-2022-01-13-00005.pdf,,,,0.0878,0.0,0
235,data/doc/raw/2022/2022-03-21_RAA-2022-072.pdf,7,4,data/doc/pdfa/2022/2022-03-21_R02-2022-03-18-00001.pdf,ANSES D'ARLET,N,258,0.0168,0.1048,0
236,data/doc/raw/2022/2022-03-21_RAA-2022-072.pdf,12,3,data/doc/pdfa/2022/2022-03-21_R02-2022-03-18-00002.pdf,,,,0.37,0.0,0
237,data/doc/raw/2022/2022-03-21_RAA-2022-072.pdf,16,4,data/doc/pdfa/2022/2022-03-21_R02-2022-03-18-00003.pdf,LA TRINITE,N,909,0.13290000000000002,0.4384,0
238,data/doc/raw/2022/2022-10-11_RAA-2022-273.pdf,18,4,data/doc/pdfa/2022/2022-10-11_R02-2022-10-10-00001.pdf,DIAMANT,E,1339,0.1298,0.0122,0
239,data/doc/raw/2022/2022-10-11_RAA-2022-273.pdf,23,4,data/doc/pdfa/2022/2022-10-11_R02-2022-10-10-00002.pdf,FORT DEFRANCE,L,646,0.0,0.1562,0
240,data/doc/raw/2022/2022-08-18_RAA-2022-221.pdf,3,4,data/doc/pdfa/2022/2022-08-18_R02-2022-08-11-00011.pdf,,,,0.0126,0.0,0
241,data/doc/raw/2022/2022-06-11_RAA-2022-169.pdf,3,3,data/doc/pdfa/2022/2022-06-11_R02-2022-06-10-00003.pdf,FORT-DE-FRANCE,N,741,0.0,0.1205,0
242,data/doc/raw/2022/2022-06-15_RAA-2022-174.pdf,42,4,data/doc/pdfa/2022/2022-06-15_R02-2022-06-14-00005.pdf,ANSES D'ARLET,N,549,0.0541,0.0249,0
243,data/doc/raw/2022/2022-06-15_RAA-2022-174.pdf,47,3,data/doc/pdfa/2022/2022-06-15_R02-2022-06-14-00006.pdf,,,,0.0781,0.0,0
244,data/doc/raw/2022/2022-01-10_RAA-2022-004.pdf,31,4,data/doc/pdfa/2022/2022-01-10_R02-2022-01-05-00005.pdf,MARIN,K,364,0.0,0.184,0
245,data/doc/raw/2022/2022-08-13_RAA-2022-219.pdf,50,4,data/doc/pdfa/2022/2022-08-13_R02-2022-08-11-00006.pdf,,,,0.021,0.057100000000000005,0
246,data/doc/raw/2022/2022-08-13_RAA-2022-219.pdf,55,3,data/doc/pdfa/2022/2022-08-13_R02-2022-08-11-00002.pdf,,,,0.0688,0.0,0
247,data/doc/raw/2022/2022-08-13_RAA-2022-219.pdf,59,3,data/doc/pdfa/2022/2022-08-13_R02-2022-08-11-00008.pdf,,,,0.054400000000000004,0.0,0
248,data/doc/raw/2022/2022-08-13_RAA-2022-219.pdf,63,4,data/doc/pdfa/2022/2022-08-13_R02-2022-08-11-00003.pdf,,,,0.1931,0.1019,0
249,data/doc/raw/2022/2022-08-13_RAA-2022-219.pdf,68,4,data/doc/pdfa/2022/2022-08-13_R02-2022-08-11-00004.pdf,SCHOELCHER,T,380,0.14850000000000002,0.6308,0
250,data/doc/raw/2022/2022-08-13_RAA-2022-219.pdf,73,4,data/doc/pdfa/2022/2022-08-13_R02-2022-08-11-00005.pdf,SCHOELCHER,H,800,0.0384,0.0412,0
251,data/doc/raw/2022/2022-08-13_RAA-2022-219.pdf,78,3,data/doc/pdfa/2022/2022-08-13_R02-2022-08-11-00010.pdf,,,,0.495,0.0,0
252,data/doc/raw/2022/2022-08-13_RAA-2022-219.pdf,82,3,data/doc/pdfa/2022/2022-08-13_R02-2022-08-11-00007.pdf,,,,0.0398,0.0,0
253,data/doc/raw/2022/2022-02-24_RAA-2022-051.pdf,5,3,data/doc/pdfa/2022/2022-02-24_R02-2022-02-21-00002.pdf,,,,0.061,0.0,0
254,data/doc/raw/2022/2022-02-24_RAA-2022-051.pdf,9,3,data/doc/pdfa/2022/2022-02-24_R02-2022-02-21-00003.pdf,,,,0.0317,0.0,0
255,data/doc/raw/2022/2022-02-24_RAA-2022-051.pdf,13,3,data/doc/pdfa/2022/2022-02-24_R02-2022-02-21-00001.pdf,,,,0.3219,0.0,0
256,data/doc/raw/2022/2022-07-22_RAA-2022-204.pdf,12,4,data/doc/pdfa/2022/2022-07-22_R02-2022-07-20-00003.pdf,SCHOELCHER LaDirectrice Régionale de l'Office National des Forêts,R, 1000,0.1096,0.0106,0
257,data/doc/raw/2022/2022-07-22_RAA-2022-204.pdf,17,3,data/doc/pdfa/2022/2022-07-22_R02-2022-07-20-00002.pdf,FORT-DE-FRANCE,|,1675,0.0,0.0053,0
258,data/doc/raw/2022/2022-10-24_RAA-2022-284.pdf,16,4,data/doc/pdfa/2022/2022-10-24_R02-2022-10-18-00001.pdf,,,,0.0,0.0,0
259,data/doc/raw/2022/2022-09-01_RAA-2022-236.pdf,29,3,data/doc/pdfa/2022/2022-09-01_R02-2022-08-31-00003.pdf,MARIN,K,1025,0.0,0.1876,0
260,data/doc/raw/2022/2022-09-01_RAA-2022-236.pdf,33,4,data/doc/pdfa/2022/2022-09-01_R02-2022-08-31-00004.pdf,RIVIERE PILOTE,AB,215,0.0601,0.1353,0
261,data/doc/raw/2022/2022-06-21_RAA-2022-179.pdf,43,3,data/doc/pdfa/2022/2022-06-21_R02-2022-06-16-00003.pdf,,,,0.061599999999999995,0.0,0
262,data/doc/raw/2022/2022-06-21_RAA-2022-179.pdf,47,3,data/doc/pdfa/2022/2022-06-21_R02-2022-06-16-00002.pdf,,,,0.061599999999999995,0.0,0
263,data/doc/raw/2022/2022-07-12_RAA-2022-197.pdf,16,3,data/doc/pdfa/2022/2022-07-12_R02-2022-07-11-00002.pdf,MARIN,K,534,0.0,0.034999999999999996,0
264,data/doc/raw/2022/2022-03-17_RAA-2022-064.pdf,11,4,data/doc/pdfa/2022/2022-03-17_R02-2022-03-11-00006.pdf,FORT DEFRANCE,V,1995,0.0861,0.2013,0
265,data/doc/raw/2022/2022-03-17_RAA-2022-064.pdf,16,4,data/doc/pdfa/2022/2022-03-17_R02-2022-03-11-00005.pdf,DIAMANT,L,420,0.1366,0.0692,0
266,data/doc/raw/2022/2022-03-17_RAA-2022-064.pdf,21,3,data/doc/pdfa/2022/2022-03-17_R02-2022-03-11-00003.pdf,TROIS ILETS,C,542,0.0,1.0938,0
267,data/doc/raw/2022/2022-03-17_RAA-2022-064.pdf,25,3,data/doc/pdfa/2022/2022-03-17_R02-2022-03-11-00007.pdf,MARIN,K,1026,0.0,0.1876,0
268,data/doc/raw/2022/2022-03-17_RAA-2022-064.pdf,29,4,data/doc/pdfa/2022/2022-03-17_R02-2022-03-11-00004.pdf,LE MARIN,|,644,0.2727,0.0214,0
269,data/doc/raw/2022/2022-03-17_RAA-2022-064.pdf,34,4,data/doc/pdfa/2022/2022-03-17_R02-2022-03-11-00002.pdf,FORT DEFRANCE,R,238,0.0727,0.1149,0
270,data/doc/raw/2022/2022-03-17_RAA-2022-064.pdf,39,3,data/doc/pdfa/2022/2022-03-17_R02-2022-03-11-00001.pdf,FORT DEFRANCE,"
BR",276,0.0,0.2903,0
271,data/doc/raw/2022/2022-05-20_RAA-2022-143.pdf,38,4,data/doc/pdfa/2022/2022-05-20_R02-2022-05-18-00023.pdf,,,,0.0,0.0,0
272,data/doc/raw/2022/2022-01-10_RAA-2022-002.pdf,26,4,data/doc/pdfa/2022/2022-01-10_R02-2022-01-03-00002.pdf,LE LAMENTIN,S,1434,0.0,0.0,0
273,data/doc/raw/2022/2022-01-10_RAA-2022-002.pdf,31,3,data/doc/pdfa/2022/2022-01-10_R02-2022-01-03-00001.pdf,,,,0.032799999999999996,0.0,0
274,data/doc/raw/2022/2022-01-10_RAA-2022-002.pdf,35,5,data/doc/pdfa/2021/2022-01-10_R02-2021-12-21-00004.pdf,RIVIERE SALEE,|,774,0.0552,0.0462,0
275,data/doc/raw/2022/2022-12-01_RAA-2022-319.pdf,9,4,data/doc/pdfa/2022/2022-12-01_R02-2022-11-28-00002.pdf,ROBERT,W,379,0.655,0.4432,0
276,data/doc/raw/2022/2022-07-05_RAA-2022-190.pdf,33,3,data/doc/pdfa/2022/2022-07-05_R02-2022-07-01-00001.pdf,,,,0.0,0.0,0
277,data/doc/raw/2022/2022-03-17_RAA-2022-067.pdf,45,4,data/doc/pdfa/2022/2022-03-17_R02-2022-03-11-00010.pdf,FRANCOIS,K,772,0.0,0.0055,0
278,data/doc/raw/2022/2022-11-16_RAA-2022-308.pdf,107,4,data/doc/pdfa/2022/2022-11-16_R02-2022-11-08-00010.pdf,LAMENTIN,AH,382,0.019200000000000002,0.2008,0
279,data/doc/raw/2022/2022-11-16_RAA-2022-308.pdf,112,3,data/doc/pdfa/2022/2022-11-16_R02-2022-11-08-00009.pdf,,,,0.0454,0.0,0
280,data/doc/raw/2022/2022-11-09_RAA-2022-301.pdf,27,4,data/doc/pdfa/2022/2022-11-09_R02-2022-11-08-00003.pdf,MARIN,R,70,1.641,0.33440000000000003,0
281,data/doc/raw/2022/2022-11-09_RAA-2022-301.pdf,32,5,data/doc/pdfa/2022/2022-11-09_R02-2022-11-08-00006.pdf,TROIS ILETS,B,979,0.0519,0.0699,0
282,data/doc/raw/2022/2022-02-26_RAA-2022-054.pdf,39,4,data/doc/pdfa/2022/2022-02-26_R02-2022-02-23-00003.pdf,CASE PILOTE,C,350,0.1814,0.3086,0
283,data/doc/raw/2022/2022-02-26_RAA-2022-054.pdf,44,3,data/doc/pdfa/2022/2022-02-26_R02-2022-02-23-00002.pdf,CASE PILOTE,B,924,0.0,0.1524,0
284,data/doc/raw/2022/2022-02-26_RAA-2022-054.pdf,48,4,data/doc/pdfa/2022/2022-02-26_R02-2022-02-23-00005.pdf,RIVIERE PILOTE,AL,394,0.1934,0.0088,0
285,data/doc/raw/2022/2022-02-26_RAA-2022-054.pdf,53,4,data/doc/pdfa/2022/2022-02-26_R02-2022-02-23-00004.pdf,RIVIERE-PILOTE,AL,397,0.14830000000000002,0.0924,0
286,data/doc/raw/2022/2022-02-26_RAA-2022-054.pdf,58,4,data/doc/pdfa/2022/2022-02-26_R02-2022-02-23-00001.pdf,RIVIERE PILOTE,AL,395,0.1664,0.056400000000000006,0
287,data/doc/raw/2022/2022-08-30_RAA-2022-232.pdf,3,4,data/doc/pdfa/2022/2022-08-30_R02-2022-08-25-00005.pdf,,,,0.0,0.0,0
288,data/doc/raw/2022/2022-07-16_RAA-2022-198.pdf,27,5,data/doc/pdfa/2022/2022-07-16_R02-2022-07-11-00004.pdf,ANSES D'ARLET,K,152,0.8108000000000001,0.4291,0
289,data/doc/raw/2022/2022-07-16_RAA-2022-198.pdf,33,3,data/doc/pdfa/2022/2022-07-16_R02-2022-07-11-00003.pdf,MARIN,M,160,0.0,0.2003,0
290,data/doc/raw/2022/2022-07-07_RAA-2022-192.pdf,37,4,data/doc/pdfa/2022/2022-07-07_R02-2022-07-05-00002.pdf,SAINTE-LUCE,|,1786,0.025,0.15839999999999999,0
291,data/doc/raw/2022/2022-01-13_RAA-2022-006.pdf,3,4,data/doc/pdfa/2022/2022-01-13_R02-2022-01-11-00001.pdf,FORT-DE-FRANCE,AK,461,0.1828,0.0,0
292,data/doc/raw/2022/2022-11-23_RAA-2022-313.pdf,3,4,data/doc/pdfa/2022/2022-11-23_R02-2022-11-21-00002.pdf,VAUCLIN,S,204,2.4697999999999998,1.7446,0
293,data/doc/raw/2022/2022-11-23_RAA-2022-313.pdf,8,4,data/doc/pdfa/2022/2022-11-23_R02-2022-11-21-00001.pdf,TROIS ILETS,|,707,0.067,0.0786,0
294,data/doc/raw/2022/2022-11-23_RAA-2022-310.pdf,9,4,data/doc/pdfa/2022/2022-11-23_R02-2022-11-14-00003.pdf,ROBERT,S,1193,0.0015,0.20650000000000002,0
295,data/doc/raw/2022/2022-11-23_RAA-2022-310.pdf,14,4,data/doc/pdfa/2022/2022-11-23_R02-2022-11-14-00004.pdf,MARIN,B,227,0.2275,0.2675,0
296,data/doc/raw/2022/2022-11-23_RAA-2022-310.pdf,19,4,data/doc/pdfa/2022/2022-11-23_R02-2022-11-14-00005.pdf,TROIS ILETS,|,467,0.044,0.0242,0
297,data/doc/raw/2022/2022-08-18_RAA-2022-220.pdf,28,4,data/doc/pdfa/2022/2022-08-18_R02-2022-08-16-00004.pdf,MARIN,C,1350,0.1238,0.0,0
298,data/doc/raw/2022/2022-08-18_RAA-2022-220.pdf,33,6,data/doc/pdfa/2022/2022-08-18_R02-2022-08-16-00003.pdf,RIVIERE SALÉE,M,266,0.089,0.0,0
299,data/doc/raw/2022/2022-01-24_RAA-2022-017.pdf,11,4,data/doc/pdfa/2022/2022-01-24_R02-2022-01-20-00001.pdf,TROIS ILETS,C,830,0.0,0.2103,0
300,data/doc/raw/2023/2023-08-08_RAA-2023-246.pdf,5,4,data/doc/pdfa/2023/2023-08-08_R02-2023-08-07-00003.pdf,SCHOELCHER,E,638,0.0,0.06369999999999999,0
301,data/doc/raw/2023/2023-07-21_RAA-2023-211.pdf,3,4,data/doc/pdfa/2023/2023-07-21_R02-2023-07-17-00003.pdf,FRANCOIS,R,957,0.0,0.301,0
302,data/doc/raw/2023/2023-04-20_RAA-2023-105.pdf,3,4,data/doc/pdfa/2023/2023-04-20_R02-2023-04-04-00005.pdf,ROBERT,V,1045,0.0,0.0,0
303,data/doc/raw/2023/2023-06-22_RAA-2023-161.pdf,35,4,data/doc/pdfa/2023/2023-06-22_R02-2023-06-19-00011.pdf,DIAMANT,C,413,0.1997,0.1234,0
304,data/doc/raw/2023/2023-06-07_RAA-2023-144.pdf,3,4,data/doc/pdfa/2023/2023-06-07_R02-2023-06-05-00009.pdf,FORT DEFRANCE,H,223,0.1698,0.0099,0
305,data/doc/raw/2023/2023-04-27_RAA-2023-112.pdf,17,3,data/doc/pdfa/2023/2023-04-27_R02-2023-04-26-00002.pdf,SCHOELCHER,E,644,0.0,0.0,0
306,data/doc/raw/2023/2023-06-03_RAA-2023-140.pdf,13,2,data/doc/pdfa/2023/2023-06-03_R02-2023-06-01-00001.pdf,LE DIAMANT,O,915,0.0,0.0,0
307,data/doc/raw/2023/2023-06-03_RAA-2023-140.pdf,16,4,data/doc/pdfa/2023/2023-06-03_R02-2023-05-25-00007.pdf,ANSES D'ARLET,B,94,0.0,0.241,0
308,data/doc/raw/2023/2023-06-03_RAA-2023-140.pdf,21,3,data/doc/pdfa/2023/2023-06-03_R02-2023-06-01-00003.pdf,,,,0.07120000000000001,0.0,0
309,data/doc/raw/2023/2023-06-03_RAA-2023-140.pdf,25,3,data/doc/pdfa/2023/2023-06-03_R02-2023-06-01-00002.pdf,RIVIERE SALEE,H,1296,0.0,0.1313,0
310,data/doc/raw/2023/2023-07-26_RAA-2023-223.pdf,31,3,data/doc/pdfa/2023/2023-07-26_R02-2023-07-25-00002.pdf,,,,0.10540000000000001,0.0,0
311,data/doc/raw/2023/2023-01-16_RAA-2023-003.pdf,3,3,data/doc/pdfa/2023/2023-01-16_R02-2023-01-04-00004.pdf,FORT-DE-FRANCE,R,38,0.0,0.2054,0
312,data/doc/raw/2023/2023-05-02_RAA-2023-115.pdf,3,4,data/doc/pdfa/2023/2023-05-02_R02-2023-04-27-00004.pdf,,,,0.0,0.0,0
313,data/doc/raw/2023/2023-07-10_RAA-2023-190.pdf,18,4,data/doc/pdfa/2023/2023-07-10_R02-2023-07-07-00006.pdf,ROBERT,V,1044,0.0122,0.1178,0
314,data/doc/raw/2023/2023-07-10_RAA-2023-190.pdf,23,4,data/doc/pdfa/2023/2023-07-10_R02-2023-07-07-00007.pdf,SAINTE-LUCE,|,989,0.0,0.47619999999999996,0
315,data/doc/raw/2023/2023-04-06_RAA-2023-092.pdf,3,4,data/doc/pdfa/2023/2023-04-06_R02-2023-04-05-00002.pdf,SAINTE-LUCE,D,1872,0.3152,0.0127,0
316,data/doc/raw/2023/2023-04-06_RAA-2023-092.pdf,8,3,data/doc/pdfa/2023/2023-04-06_R02-2023-04-05-00001.pdf,,,,0.1952,0.0,0
317,data/doc/raw/2023/2023-06-12_RAA-2023-150.pdf,3,4,data/doc/pdfa/2023/2023-06-12_R02-2023-06-08-00001.pdf,,,,0.124,0.08120000000000001,0
318,data/doc/raw/2023/2023-06-12_RAA-2023-150.pdf,8,4,data/doc/pdfa/2023/2023-06-12_R02-2023-06-08-00002.pdf,,,,0.0,0.1515,0
319,data/doc/raw/2023/2023-06-12_RAA-2023-150.pdf,13,3,data/doc/pdfa/2023/2023-06-12_R02-2023-06-08-00003.pdf,RIVIERE PILOTE,AC,332,0.0,0.5538000000000001,0
320,data/doc/raw/2023/2023-06-12_RAA-2023-150.pdf,17,3,data/doc/pdfa/2023/2023-06-12_R02-2023-06-08-00004.pdf,,,,0.0727,0.0,0
321,data/doc/raw/2023/2023-06-12_RAA-2023-150.pdf,21,4,data/doc/pdfa/2023/2023-06-12_R02-2023-06-08-00005.pdf,SCHOELCHER,H,795,0.1103,0.0273,0
322,data/doc/raw/2023/2023-06-12_RAA-2023-150.pdf,26,3,data/doc/pdfa/2023/2023-06-12_R02-2023-06-08-00006.pdf,,,,0.1265,0.0,0
323,data/doc/raw/2023/2023-05-09_RAA-2023-123.pdf,10,3,data/doc/pdfa/2023/2023-05-09_R02-2023-05-04-00006.pdf,,,,0.0631,0.0,0
324,data/doc/raw/2023/2023-03-27_RAA-2023-072.pdf,15,4,data/doc/pdfa/2023/2023-03-27_R02-2023-03-23-00006.pdf,MARIN,M,193,0.0438,0.0273,0
325,data/doc/raw/2023/2023-03-27_RAA-2023-072.pdf,20,5,data/doc/pdfa/2023/2023-03-27_R02-2023-03-23-00005.pdf,,,,0.1288,0.42579999999999996,0
326,data/doc/raw/2023/2023-02-07_RAA-2023-036.pdf,8,4,data/doc/pdfa/2023/2023-02-07_R02-2023-02-03-00009.pdf,MARIN,D,291,0.041800000000000004,0.1739,0
327,data/doc/raw/2023/2023-07-18_RAA-2023-206.pdf,3,4,data/doc/pdfa/2023/2023-07-18_R02-2023-07-17-00001.pdf,SAINT JOSEPH,C,"1168, 1169",0.0467,0.1133,0
328,data/doc/raw/2023/2023-06-27_RAA-2023-167.pdf,21,5,data/doc/pdfa/2023/2023-06-27_R02-2023-06-21-00003.pdf,SAINT JOSEPH,Y,1143,0.06,0.11,0
329,data/doc/raw/2023/2023-06-27_RAA-2023-167.pdf,27,4,data/doc/pdfa/2023/2023-06-27_R02-2023-06-21-00002.pdf,TROIS ILETS,K,167,0.46740000000000004,0.0997,0
330,data/doc/raw/2023/2023-06-27_RAA-2023-167.pdf,32,4,data/doc/pdfa/2023/2023-06-27_R02-2023-06-26-00001.pdf,,,,2.0957,0.0,0
331,data/doc/raw/2023/2023-06-27_RAA-2023-167.pdf,37,3,data/doc/pdfa/2023/2023-06-27_R02-2023-06-21-00004.pdf,,,,0.1718,0.0,0
332,data/doc/raw/2023/2023-01-20_RAA-2023-008.pdf,123,4,data/doc/pdfa/2023/2023-01-20_R02-2023-01-11-00001.pdf,,,,0.12179999999999999,0.0114,0
333,data/doc/raw/2023/2023-01-20_RAA-2023-008.pdf,128,4,data/doc/pdfa/2023/2023-01-20_R02-2023-01-11-00002.pdf,SCHOELCHER,W,650,0.0884,0.10600000000000001,0
334,data/doc/raw/2023/2023-06-02_RAA-2023-139.pdf,11,3,data/doc/pdfa/2023/2023-06-02_R02-2023-05-25-00004.pdf,DIAMANT,B,1122,0.5708,0.0,0
335,data/doc/raw/2023/2023-06-02_RAA-2023-139.pdf,15,5,data/doc/pdfa/2023/2023-06-02_R02-2023-05-25-00005.pdf,MARIN,K,955,0.003,0.06709999999999999,0
336,data/doc/raw/2023/2023-06-02_RAA-2023-139.pdf,21,5,data/doc/pdfa/2023/2023-06-02_R02-2023-05-25-00006.pdf,MARIN,K,956,0.0016,0.0714,0
337,data/doc/raw/2023/2023-08-09_RAA-2023-248.pdf,7,14,data/doc/pdfa/2023/2023-08-09_R02-2023-08-08-00001.pdf,,,,0.0,0.0,0
338,data/doc/raw/2023/2023-08-09_RAA-2023-248.pdf,22,4,data/doc/pdfa/2023/2023-08-09_R02-2023-08-07-00004.pdf,LAMENTIN,Z,1009,0.7382,2.6534,0
339,data/doc/raw/2023/2023-06-20_RAA-2023-157.pdf,10,3,data/doc/pdfa/2023/2023-06-20_R02-2023-06-15-00001.pdf,,,,0.0,0.0,0
340,data/doc/raw/2023/2023-02-28_RAA-2023-052.pdf,32,4,data/doc/pdfa/2023/2023-02-28_R02-2023-02-27-00002.pdf,SCHOELCHER,H,792,0.062099999999999995,0.0028,0
341,data/doc/raw/2023/2023-07-03_RAA-2023-179.pdf,21,3,data/doc/pdfa/2023/2023-07-03_R02-2023-06-29-00006.pdf,,,,0.0,0.0,0
342,data/doc/raw/2023/2023-07-12_RAA-2023-196.pdf,19,4,data/doc/pdfa/2023/2023-07-12_R02-2023-07-10-00003.pdf,,,,0.0,0.281,0
343,data/doc/raw/2023/2023-02-01_RAA-2023-029.pdf,6,3,data/doc/pdfa/2023/2023-02-01_R02-2023-01-31-00001.pdf,,,,0.1114,0.0,0
344,data/doc/raw/2023/2023-01-19_RAA-2023-012.pdf,7,4,data/doc/pdfa/2023/2023-01-19_R02-2023-01-12-00015.pdf,,,,0.0,0.0,0
345,data/doc/raw/2023/2023-04-01_RAA-2023-083.pdf,13,4,data/doc/pdfa/2023/2023-04-01_R02-2023-03-30-00005.pdf,LAMENTIN,O,1220,0.0314,0.041800000000000004,0
346,data/doc/raw/2023/2023-04-01_RAA-2023-083.pdf,18,3,data/doc/pdfa/2023/2023-04-01_R02-2023-03-23-00007.pdf,,,,0.10880000000000001,0.0,0
347,data/doc/raw/2023/2023-04-01_RAA-2023-083.pdf,22,3,data/doc/pdfa/2023/2023-04-01_R02-2023-03-30-00004.pdf,VAUCLIN,W,178,0.0,0.0955,0
348,data/doc/raw/2023/2023-07-27_RAA-2023-225.pdf,18,3,data/doc/pdfa/2023/2023-07-27_R02-2023-07-25-00003.pdf,,,,0.034499999999999996,0.0,0
349,data/doc/raw/2023/2023-07-27_RAA-2023-225.pdf,22,4,data/doc/pdfa/2023/2023-07-27_R02-2023-07-25-00004.pdf,,,,0.0,0.4657,0
350,data/doc/raw/2023/2023-07-27_RAA-2023-225.pdf,27,4,data/doc/pdfa/2023/2023-07-27_R02-2023-07-25-00005.pdf,LAMENTIN,AV,700,0.0,0.0329,0
351,data/doc/raw/2023/2023-07-27_RAA-2023-225.pdf,32,3,data/doc/pdfa/2023/2023-07-27_R02-2023-07-17-00004.pdf,RIVIERE PILOTE,AC,42,0.0,0.059300000000000005,0
352,data/doc/raw/2021/2021-10-01_RAA-2021-256.pdf,16,4,data/doc/pdfa/2021/2021-10-01_R02-2021-09-29-00002.pdf,BELLEFONTAINE,B,391,0.0681,0.0319,0
353,data/doc/raw/2021/2021-05-25_RAA-2021-123.pdf,32,3,data/doc/pdfa/2021/2021-05-25_R02-2021-05-20-00003.pdf,,,,0.5098,0.0,0
354,data/doc/raw/2021/2021-05-25_RAA-2021-123.pdf,36,3,data/doc/pdfa/2021/2021-05-25_R02-2021-05-19-00003.pdf,LE MARIN,M,911,0.0628,0.0,0
355,data/doc/raw/2021/2021-05-25_RAA-2021-123.pdf,40,3,data/doc/pdfa/2021/2021-05-25_R02-2021-05-19-00004.pdf,DUCOS,T,275,0.21359999999999998,0.0,0
356,data/doc/raw/2021/2021-03-12_RAA-2021-054.pdf,21,4,data/doc/pdfa/2021/2021-03-12_R02-2021-03-11-003.pdf,LE ROBERT,AO,91,0.10400000000000001,0.0698,0
357,data/doc/raw/2021/2021-03-12_RAA-2021-054.pdf,26,4,data/doc/pdfa/2021/2021-03-12_R02-2021-03-11-002.pdf,CASE-PILOTE,B,970,0.039,0.321,0
358,data/doc/raw/2021/2021-03-12_RAA-2021-054.pdf,31,3,data/doc/pdfa/2021/2021-03-12_R02-2021-03-09-002.pdf,DIAMANT,E,1644,0.6129,0.0,0
359,data/doc/raw/2021/2021-03-12_RAA-2021-054.pdf,35,4,data/doc/pdfa/2021/2021-03-12_R02-2021-03-10-004.pdf,LE LAMENTIN,AV,338,0.021,0.1272,0
360,data/doc/raw/2021/2021-03-05_RAA-2021-049.pdf,3,4,data/doc/pdfa/2021/2021-03-05_R02-2021-02-25-005.pdf,ANSES D'ARLET,A,340,0.0791,0.030199999999999998,0
361,data/doc/raw/2021/2021-03-05_RAA-2021-049.pdf,8,3,data/doc/pdfa/2021/2021-03-05_R02-2021-02-25-006.pdf,FORT DE FRANCE,H,521,0.0,0.0,0
362,data/doc/raw/2021/2021-10-06_RAA-2021-264.pdf,15,3,data/doc/pdfa/2021/2021-10-06_R02-2021-10-05-00001.pdf,FORT-DE-FRANCE,P,624,0.0,0.2288,0
363,data/doc/raw/2021/2021-10-06_RAA-2021-264.pdf,19,3,data/doc/pdfa/2021/2021-10-06_R02-2021-10-05-00009.pdf,,,,0.23900000000000002,0.0,0
364,data/doc/raw/2021/2021-10-06_RAA-2021-264.pdf,23,4,data/doc/pdfa/2021/2021-10-06_R02-2021-10-05-00002.pdf,FORT-DE-FRANCE,P,625,0.1158,0.0888,0
365,data/doc/raw/2021/2021-03-11_RAA-2021-052.pdf,3,4,data/doc/pdfa/2021/2021-03-11_R02-2021-03-08-004.pdf,CASE PILOTE,B,"1752, 1753, 1754, 1755",0.7831,0.2892,0
366,data/doc/raw/2021/2021-03-11_RAA-2021-052.pdf,8,4,data/doc/pdfa/2021/2021-03-11_R02-2021-03-08-003.pdf,MARIN,B,446,0.2086,0.055400000000000005,0
367,data/doc/raw/2021/2021-03-11_RAA-2021-052.pdf,13,4,data/doc/pdfa/2021/2021-03-11_R02-2021-03-08-002.pdf,,,,0.226,0.0,0
368,data/doc/raw/2021/2021-03-11_RAA-2021-052.pdf,18,3,data/doc/pdfa/2021/2021-03-11_R02-2021-03-08-005.pdf,,,,0.135,0.0,0
369,data/doc/raw/2021/2021-05-12_RAA-2021-111.pdf,9,5,data/doc/pdfa/2021/2021-05-12_R02-2021-04-29-00006.pdf,,,,0.0,0.0,0
370,data/doc/raw/2021/2021-08-17_RAA-2021-217.pdf,9,4,data/doc/pdfa/2021/2021-08-17_R02-2021-08-13-00011.pdf,,,,0.1063,0.0,0
371,data/doc/raw/2021/2021-08-17_RAA-2021-217.pdf,14,3,data/doc/pdfa/2021/2021-08-17_R02-2021-08-13-00010.pdf,SAINT-JOSEPH,S,725,0.0,0.34600000000000003,0
372,data/doc/raw/2021/2021-08-17_RAA-2021-217.pdf,18,3,data/doc/pdfa/2021/2021-08-17_R02-2021-08-13-00009.pdf,,,,0.09,0.0,0
373,data/doc/raw/2021/2021-01-04_RAA-2021-001.pdf,8,4,data/doc/pdfa/2020/2021-01-04_R02-2020-12-30-005.pdf,DIAMANT,B,628,5.2943,0.7368,0
374,data/doc/raw/2021/2021-03-16_RAA-2021-056.pdf,7,3,data/doc/pdfa/2021/2021-03-16_R02-2021-03-11-004.pdf,ROBERT,C,2531,0.0,0.2661,0
375,data/doc/raw/2021/2021-03-16_RAA-2021-056.pdf,11,4,data/doc/pdfa/2021/2021-03-16_R02-2021-03-11-005.pdf,LE MARIN,B,"447, 690",0.18939999999999999,0.1202,0
376,data/doc/raw/2021/2021-01-11_RAA-2021-005.pdf,3,4,data/doc/pdfa/2021/2021-01-11_R02-2021-01-07-006.pdf,MARIN,À,248,0.4238,0.0262,0
377,data/doc/raw/2021/2021-01-11_RAA-2021-005.pdf,8,4,data/doc/pdfa/2021/2021-01-11_R02-2021-01-07-004.pdf,FORT DE FRANCE,AY,1138,0.0,0.1039,0
378,data/doc/raw/2021/2021-01-11_RAA-2021-005.pdf,13,5,data/doc/pdfa/2021/2021-01-11_R02-2021-01-07-007.pdf,RIVIÈRE-PILOTE,L,902,0.2291,0.0062,0
379,data/doc/raw/2021/2021-01-11_RAA-2021-005.pdf,19,3,data/doc/pdfa/2021/2021-01-11_R02-2021-01-07-005.pdf,SAINT ESPRIT,E,3,0.0,0.32630000000000003,0
380,data/doc/raw/2021/2021-01-11_RAA-2021-005.pdf,23,2,data/doc/pdfa/2021/2021-01-11_R02-2021-01-07-008.pdf,CASE-PILOTE,D,30,0.0,0.0,0
381,data/doc/raw/2021/2021-01-11_RAA-2021-005.pdf,26,4,data/doc/pdfa/2021/2021-01-11_R02-2021-01-07-003.pdf,LAMENTIN,AV,338,0.1181,0.1819,0
382,data/doc/raw/2021/2021-09-14_RAA-2021-238.pdf,3,3,data/doc/pdfa/2021/2021-09-14_R02-2021-09-06-00001.pdf,RIVIÈRE-PILOTE,M,614,0.0,0.0467,0
383,data/doc/raw/2021/2021-09-14_RAA-2021-238.pdf,7,3,data/doc/pdfa/2021/2021-09-14_R02-2021-09-03-00006.pdf,SAINTE-LUCE,D,526,0.0,0.07160000000000001,0
384,data/doc/raw/2021/2021-09-14_RAA-2021-238.pdf,11,3,data/doc/pdfa/2021/2021-09-14_R02-2021-09-07-00003.pdf,,,,0.0,0.486,0
385,data/doc/raw/2021/2021-09-14_RAA-2021-238.pdf,15,4,data/doc/pdfa/2021/2021-09-14_R02-2021-09-03-00005.pdf,LE MARIN,E,"66, 344, 345",0.094,0.12639999999999998,0
386,data/doc/raw/2021/2021-09-14_RAA-2021-238.pdf,20,3,data/doc/pdfa/2021/2021-09-14_R02-2021-09-06-00002.pdf,,,,0.039099999999999996,0.0,0
387,data/doc/raw/2021/2021-05-26_RAA-2021-125.pdf,3,3,data/doc/pdfa/2021/2021-05-26_R02-2021-05-25-00002.pdf,SAINTE-LUCE,D,2132,0.0,0.0926,0
388,data/doc/raw/2021/2021-05-26_RAA-2021-125.pdf,7,4,data/doc/pdfa/2021/2021-05-26_R02-2021-05-25-00003.pdf,LE MARIN,C,1287,0.1642,0.3111,0
389,data/doc/raw/2021/2021-02-19_RAA-2021-037.pdf,24,3,data/doc/pdfa/2021/2021-02-19_R02-2021-02-11-004.pdf,,,,0.109,0.0,0
390,data/doc/raw/2021/2021-02-19_RAA-2021-037.pdf,28,2,data/doc/pdfa/2021/2021-02-19_R02-2021-02-11-005.pdf,RIVIÈRE-SALÉE,D,1134,0.0,0.0,0
391,data/doc/raw/2021/2021-10-13_RAA-2021-272.pdf,3,3,data/doc/pdfa/2021/2021-10-13_R02-2021-10-12-00005.pdf,LES TROIS-ILETS,C,1128,0.3576,0.6880000000000001,0
392,data/doc/raw/2021/2021-10-13_RAA-2021-272.pdf,7,2,data/doc/pdfa/2021/2021-10-13_R02-2021-10-12-00001.pdf,,,,0.019,0.0,0
393,data/doc/raw/2021/2021-10-13_RAA-2021-272.pdf,10,3,data/doc/pdfa/2021/2021-10-13_R02-2021-10-12-00002.pdf,DUCOS,S,"333, 334, 337",0.0208,0.1668,0
394,data/doc/raw/2021/2021-10-13_RAA-2021-272.pdf,14,3,data/doc/pdfa/2021/2021-10-13_R02-2021-10-12-00003.pdf,LE ROBERT,P,220,0.2125,0.825,0
395,data/doc/raw/2021/2021-10-13_RAA-2021-272.pdf,18,3,data/doc/pdfa/2021/2021-10-13_R02-2021-10-12-00004.pdf,LE DIAMANT,N,364,0.2216,0.0188,0
396,data/doc/raw/2021/2021-05-03_RAA-2021-104.pdf,3,4,data/doc/pdfa/2021/2021-05-03_R02-2021-04-30-00001.pdf,LES TROIS-ÎLETS,|,"565, 549",0.4415,0.1366,0
397,data/doc/raw/2021/2021-05-03_RAA-2021-104.pdf,8,5,data/doc/pdfa/2021/2021-05-03_R02-2021-04-30-00002.pdf,LES ANSES-D'ARLET,B,116,0.0625,0.0178,0
398,data/doc/raw/2021/2021-05-03_RAA-2021-104.pdf,14,3,data/doc/pdfa/2021/2021-05-03_R02-2021-04-30-00003.pdf,LE MARIN,B,662,0.0,0.3006,0
399,data/doc/raw/2021/2021-05-03_RAA-2021-104.pdf,18,4,data/doc/pdfa/2021/2021-05-03_R02-2021-04-30-00004.pdf,LE DIAMANT,E,249,0.1863,0.5585,0
400,data/doc/raw/2021/2021-02-24_RAA-2021-040.pdf,28,3,data/doc/pdfa/2021/2021-02-24_R02-2021-02-18-006.pdf,BELLEFONTAINE,D,"810, 812",0.0,3.6787,0
401,data/doc/raw/2021/2021-02-09_RAA-2021-030.pdf,3,4,data/doc/pdfa/2021/2021-02-09_R02-2021-02-08-001.pdf,RIVIERE PILOTE,Z,355,0.0505,0.1823,0
402,data/doc/raw/2021/2021-02-03_RAA-2021-026.pdf,27,3,data/doc/pdfa/2021/2021-02-03_R02-2021-02-02-003.pdf,,,,0.0845,0.0,0
403,data/doc/raw/2021/2021-02-03_RAA-2021-026.pdf,31,3,data/doc/pdfa/2021/2021-02-03_R02-2021-02-02-001.pdf,MARIN,K,440,0.0,0.1638,0
404,data/doc/raw/2021/2021-02-03_RAA-2021-026.pdf,35,4,data/doc/pdfa/2021/2021-02-03_R02-2021-02-02-002.pdf,MARIN,K,71,0.6141,0.1258,0
405,data/doc/raw/2021/2021-08-09_RAA-2021-208.pdf,9,2,data/doc/pdfa/2021/2021-08-09_R02-2021-08-02-00004.pdf,LE LAMENTIN,Y,697,0.0,0.0,0
406,data/doc/raw/2021/2021-04-23_RAA-2021-097.pdf,6,2,data/doc/pdfa/2021/2021-04-23_R02-2021-04-21-00003.pdf,LES ANSES-D'ARLET,M,210,0.0,0.0,0
407,data/doc/raw/2021/2021-04-23_RAA-2021-097.pdf,9,3,data/doc/pdfa/2021/2021-04-23_R02-2021-04-21-00002.pdf,,,,0.2877,0.0,0
408,data/doc/raw/2021/2021-02-02_RAA-2021-025.pdf,3,4,data/doc/pdfa/2020/2021-02-02_R02-2020-01-29-003.pdf,TROIS ILETS,I,"955, 956, 957,",0.24459999999999998,0.0504,0
409,data/doc/raw/2021/2021-02-02_RAA-2021-025.pdf,8,4,data/doc/pdfa/2021/2021-02-02_R02-2021-01-29-002.pdf,ANSES D'ARLET,B," 167, 168, 169,",0.3856,0.4067,0
410,data/doc/raw/2021/2021-04-15_RAA-2021-087.pdf,9,3,data/doc/pdfa/2021/2021-04-15_R02-2021-04-09-00007.pdf,LE MARIN,K,903,0.0,0.0826,0
411,data/doc/raw/2021/2021-04-15_RAA-2021-087.pdf,13,3,data/doc/pdfa/2021/2021-04-15_R02-2021-04-14-00008.pdf,LE ROBERT,AL,652,0.0,0.0459,0
412,data/doc/raw/2021/2021-04-15_RAA-2021-087.pdf,17,3,data/doc/pdfa/2021/2021-04-15_R02-2021-04-09-00006.pdf,SAINTE-LUCE,E,348,0.0,0.0454,0
413,data/doc/raw/2021/2021-01-21_RAA-2021-013.pdf,6,3,data/doc/pdfa/2021/2021-01-21_R02-2021-01-18-008.pdf,,,,0.214,0.0,0
414,data/doc/raw/2021/2021-01-21_RAA-2021-013.pdf,10,3,data/doc/pdfa/2021/2021-01-21_R02-2021-01-18-006.pdf,,,,0.09,0.0,0
415,data/doc/raw/2021/2021-01-21_RAA-2021-013.pdf,14,3,data/doc/pdfa/2021/2021-01-21_R02-2021-01-18-007.pdf,,,,0.16,0.0,0
416,data/doc/raw/2021/2021-09-27_RAA-2021-252.pdf,3,6,data/doc/pdfa/2021/2021-09-27_R02-2021-09-24-00001.pdf,,,,0.0,0.0,0
417,data/doc/raw/2021/2021-12-24_RAA-2021-342.pdf,38,3,data/doc/pdfa/2021/2021-12-24_R02-2021-12-21-00003.pdf,VAUCLIN,E,486,0.0,0.0949,0
418,data/doc/raw/2021/2021-02-25_RAA-2021-041.pdf,3,2,data/doc/pdfa/2021/2021-02-25_R02-2021-02-11-007.pdf,LES ANSES-D'ARLET,À,488,0.0,0.0,0
419,data/doc/raw/2021/2021-02-25_RAA-2021-041.pdf,6,3,data/doc/pdfa/2021/2021-02-25_R02-2021-02-23-002.pdf,MARIN,C,1545,0.0,0.0179,0
420,data/doc/raw/2021/2021-02-25_RAA-2021-041.pdf,10,4,data/doc/pdfa/2021/2021-02-25_R02-2021-02-23-003.pdf,ANSES D'ARLET,C,505,0.056900000000000006,0.0,0
421,data/doc/raw/2021/2021-10-19_RAA-2021-279.pdf,26,2,data/doc/pdfa/2021/2021-10-19_R02-2021-10-18-00005.pdf,LES TROIS-ÎLETS,|,465,0.0,0.0347,0
422,data/doc/raw/2021/2021-10-19_RAA-2021-279.pdf,29,3,data/doc/pdfa/2021/2021-10-19_R02-2021-10-18-00003.pdf,LE LAMENTIN,K,783,0.0306,0.0687,0
423,data/doc/raw/2021/2021-10-19_RAA-2021-279.pdf,33,3,data/doc/pdfa/2021/2021-10-19_R02-2021-10-18-00004.pdf,FORT-DE-FRANCE,E,327,0.1664,0.07790000000000001,0
424,data/doc/raw/2021/2021-05-21_RAA-2021-120.pdf,32,3,data/doc/pdfa/2021/2021-05-21_R02-2021-05-17-00004.pdf,SAINT-ESPRIT,H,"430, 646",0.0,0.2468,0
425,data/doc/raw/2021/2021-12-22_RAA-2021-327.pdf,5,4,data/doc/pdfa/2021/2021-12-22_R02-2021-12-08-00002.pdf,SCHOELCHER,E,327,0.1664,0.07790000000000001,0
426,data/doc/raw/2021/2021-12-22_RAA-2021-327.pdf,10,4,data/doc/pdfa/2021/2021-12-22_R02-2021-12-08-00003.pdf,RIVIERE PILOTE,AL,304,1.49,0.7646000000000001,0
427,data/doc/raw/2021/2021-12-24_RAA-2021-338.pdf,23,4,data/doc/pdfa/2021/2021-12-24_R02-2021-12-13-00006.pdf,ANSES D'ARLET,C,76,0.0819,0.1383,0
428,data/doc/raw/2021/2021-04-24_RAA-2021-098.pdf,14,4,data/doc/pdfa/2021/2021-04-24_R02-2021-04-23-00002.pdf,,,,0.0229,0.0,0
429,data/doc/raw/2021/2021-01-07_RAA-2021-002.pdf,3,12,data/doc/pdfa/2021/2021-01-07_R02-2021-01-04-001.pdf,,,,0.0,0.0,0
